internalTaxonId,scientificName,name,genusName,speciesName,speciesAuthor,infraType,infrarankAuthor
161254,Vanessa virginiensis,"Papilio virginiensis Drury, 1773",Papilio,virginiensis,"Drury, 1773",,
163990,Eleocharis palustris,Heliocharis palustris (L.) R. Br.,Heliocharis,palustris,(L.) R. Br.,,
163990,Eleocharis palustris,Scirpus palustris L.,Scirpus,palustris,L.,,
164022,Leersia hexandra,Oryza  australis A.Braun. ex Schweinf.,Oryza ,australis,A.Braun. ex Schweinf.,,
164022,Leersia hexandra,Oryza hexandra (Sw.) Döll,Oryza,hexandra,(Sw.) Döll,,
164022,Leersia hexandra,Leersia mauritanica Salzm. ex Trin.,Leersia,mauritanica,Salzm. ex Trin.,,
164036,Veronica anagallis-aquatica,Veronica anagallis-aquatica ssp. aquatica (Bernh.) Maire,Veronica,anagallis-aquatica,,subspecies,(Bernh.) Maire
164036,Veronica anagallis-aquatica,Veronica catenata Pennell,Veronica,catenata,Pennell,,
164276,Bolboschoenus maritimus,Reigera maritima (L.) Opiz,Reigera,maritima,(L.) Opiz,,
164276,Bolboschoenus maritimus,Schoenoplectus maritimus (L.) Lye,Schoenoplectus,maritimus,(L.) Lye,,
164276,Bolboschoenus maritimus,Scirpus maritimus L.,Scirpus,maritimus,L.,,
164340,Arundo donax,Arundo scriptoria L.,Arundo,scriptoria,L.,,
164340,Arundo donax,Donax sativa (Lam.) C.Presl,Donax,sativa,(Lam.) C.Presl,,
164340,Arundo donax,Donax arundinaceus P. Beauv.,Donax,arundinaceus,P. Beauv.,,
164340,Arundo donax,Aira bengalensis (Retz.) J.F.Gmel.,Aira,bengalensis,(Retz.) J.F.Gmel.,,
164340,Arundo donax,Arundo aegyptiaca E.Vilm.,Arundo,aegyptiaca,E.Vilm.,,
164340,Arundo donax,Arundo bengalensis Retz.,Arundo,bengalensis,Retz.,,
164340,Arundo donax,Arundo bifaria Retz.,Arundo,bifaria,Retz.,,
164340,Arundo donax,Arundo coleotricha (Hack.) Honda,Arundo,coleotricha,(Hack.) Honda,,
164340,Arundo donax,Arundo glauca Bubani,Arundo,glauca,Bubani,,
164340,Arundo donax,"Arundo  hellenica  Danin, Raus & H.Scholz",Arundo ,hellenica ,"Danin, Raus & H.Scholz",,
164340,Arundo donax,Arundo latifolia Salisb.,Arundo,latifolia,Salisb.,,
164340,Arundo donax,Arundo sativa Lam.,Arundo,sativa,Lam.,,
164340,Arundo donax,Arundo scriptoria L.,Arundo,scriptoria,L.,,
164340,Arundo donax,Arundo triflora Roxb.,Arundo,triflora,Roxb.,,
164340,Arundo donax,Arundo versicolor Mill.,Arundo,versicolor,Mill.,,
164340,Arundo donax,Cynodon donax (L.) Raspail,Cynodon,donax,(L.) Raspail,,
164340,Arundo donax,Donax arundinaceus P.Beauv.,Donax,arundinaceus,P.Beauv.,,
164340,Arundo donax,Donax bengalensis (Retz.) P.Beauv.,Donax,bengalensis,(Retz.) P.Beauv.,,
164340,Arundo donax,Donax donax (L.) Asch. & Graebn.,Donax,donax,(L.) Asch. & Graebn. ,,
164340,Arundo donax,Donax sativus C.Presl,Donax,sativus,C.Presl,,
164340,Arundo donax,Donax versicolor (Mill.) P.Beauv.,Donax,versicolor,(Mill.) P.Beauv.,,
164340,Arundo donax,Scolochloa arundinacea (P.Beauv.) Mert. & W.D.J.Koch,Scolochloa,arundinacea,(P.Beauv.) Mert. & W.D.J.Koch,,
164340,Arundo donax,Scolochloa donax (L.) Gaudin,Scolochloa,donax,(L.) Gaudin,,
164340,Arundo donax,Arundo bambusifolia Hook.f.,Arundo,bambusifolia,Hook.f.,,
164347,Epilobium hirsutum,Epilobium tomentosum Vent.,Epilobium,tomentosum,Vent.,,
164411,Persicaria lapathifolia,Polygonum lapathifolium L.,Polygonum,lapathifolium,L.,,
164411,Persicaria lapathifolia,Persicaria lapathifolia (L.) Gray,Persicaria,lapathifolia,(L.) Gray,,
164411,Persicaria lapathifolia,Polygonum nodosum Pers.,Polygonum,nodosum,Pers.,,
164411,Persicaria lapathifolia,Polygonum tomentosum Schrank,Polygonum,tomentosum,Schrank,,
164450,Epilobium parviflorum,Epilobium menthoides Boiss. & Heldr.,Epilobium,menthoides,Boiss. & Heldr.,,
164450,Epilobium parviflorum,Epilobium umbrosum Dumort.,Epilobium,umbrosum,Dumort.,,
169030,Paspalum distichum,Paspalum paspalodes (Michx.) Scribn.,Paspalum,paspalodes,(Michx.) Scribn.,,
175559,Persicaria maculosa,Polygonum persicaria L.,Polygonum,persicaria,L.,,
176097,Vicia sativa,Vicia angustifolia L.,Vicia,angustifolia,L.,,
176097,Vicia sativa,Vicia communis Rouy,Vicia,communis,Rouy,,
176097,Vicia sativa,Vicia bacla Moench,Vicia,bacla,Moench,,
176097,Vicia sativa,Vicia cornigera St.-Amans,Vicia,cornigera,St.-Amans,,
176097,Vicia sativa,Vicia cornigera Chaub.,Vicia,cornigera,Chaub.,,
176097,Vicia sativa,Vicia cosentini Guss.,Vicia,cosentini,Guss.,,
176097,Vicia sativa,Vicia cuneata Gren. & Godr.,Vicia,cuneata,Gren. & Godr.,,
176097,Vicia sativa,Vicia erythosperma Rchb.,Vicia,erythosperma,Rchb.,,
176097,Vicia sativa,Vicia glabra Schleich.,Vicia,glabra,Schleich.,,
176097,Vicia sativa,Vicia intermedia Viv.,Vicia,intermedia,Viv.,,
176097,Vicia sativa,Vicia leucosperma Moench,Vicia,leucosperma,Moench,,
176097,Vicia sativa,Vicia maculata Rouy,Vicia,maculata,Rouy,,
176097,Vicia sativa,Vicia melanosperma Rchb.,Vicia,melanosperma,Rchb.,,
176097,Vicia sativa,Vicia morisiana Boreau,Vicia,morisiana,Boreau,,
176097,Vicia sativa,Vicia nemoralis Ten.,Vicia,nemoralis,Ten.,,
176097,Vicia sativa,Vicia nemoralis Boreau,Vicia,nemoralis,Boreau,,
176097,Vicia sativa,Vicia notota Gilib.,Vicia,notota,Gilib.,,
176097,Vicia sativa,Vicia pallida Baker,Vicia,pallida,Baker,,
176097,Vicia sativa,Vicia pimpinelloides Mauri,Vicia,pimpinelloides,Mauri,,
176097,Vicia sativa,Vicia terana Losa,Vicia,terana,Losa,,
176097,Vicia sativa,Vicia vulgaris Uspensky,Vicia,vulgaris,Uspensky,,
176104,Vicia lutea,Hypechusa lutea (L.) Alef.,Hypechusa,lutea,(L.) Alef.,,
176104,Vicia lutea,Vicia ciliata Schur,Vicia,ciliata,Schur,,
176104,Vicia lutea,Vicia lineata M.Bieb.,Vicia,lineata,M.Bieb.,,
177137,Pteris vittata,Pteris ensifolia Poir.,Pteris,ensifolia,Poir.,,
200642,Osyris lanceolata,Osyris quadripartita Decne.,Osyris,quadripartita,Decne.,,
157694,Scobicia barbifrons,"Xylopertha barbifrons Wollaston, 1864",Xylopertha,barbifrons,"Wollaston, 1864",,
157793,Scobicia ficicola,"Xylopertha ficicola Wollaston, 1865",Xylopertha,ficicola,"Wollaston, 1865",,
157877,Stephanopachys brunneus,"Dinoderus brunneus Wollaston, 1862",Dinoderus,brunneus,"Wollaston, 1862",,
160251,Pontia daplidice,"Papilio daplidice Linnaeus, 1758",Papilio,daplidice,"Linnaeus, 1758",,
161829,Sventenia bupleuroides,Sonchus bupleuroides (Font Quer) N.Kilian & Greuter,Sonchus,bupleuroides,(Font Quer) N.Kilian & Greuter,,
161943,Thesium subsucculentum,Kunkeliella subsucculenta Kämmer,Kunkeliella,subsucculenta,Kämmer,,
161998,Cheirolophus ghomerythus,Centaurea ghomerytha Svent.,Centaurea,ghomerytha,Svent.,,
162074,Hypochaeris oligocephala,Hypochoeris oligocephala (Svent.& Bramw.) Lack [orth. error],Hypochoeris,oligocephala,(Svent.& Bramw.) Lack [orth. error],,
162108,Tanacetum ptarmiciflorum,Gonospermum  ptarmicaeflorum  (Webb) Febles,Gonospermum, ptarmicaeflorum ,(Webb) Febles,,
162063,Limonium arborescens,Statice arborescens Brouss. ex Webb & Berthel.,Statice,arborescens,Brouss. ex Webb & Berthel.,,
162282,Dorycnium spectabile,Lotus  spectabilis  Choisy ex Ser.,Lotus ,spectabilis ,Choisy ex Ser.,,
162332,Teline rosmarinifolia,Cytisus  rosmarinifolius  (Webb & Berthel.) Masf.,Cytisus ,rosmarinifolius, (Webb & Berthel.) Masf.,,
162348,Sideritis discolor,Leucophae discolor (Bolle) Christ,Leucophae,discolor,(Bolle) Christ,,
163984,Juncus articulatus,Juncus lamprocarpus Ehrh.,Juncus,lamprocarpus,Ehrh.,,
164160,Ranunculus penicillatus,Batrachium penicillatum Dumort.,Batrachium,penicillatum,Dumort.,,
164160,Ranunculus penicillatus,Ranunculus aquatilis (Syme) Freyn,Ranunculus,aquatilis,(Syme) Freyn,,
164160,Ranunculus penicillatus,Ranunculus fluitans auct.-non,Ranunculus,fluitans,auct.-non,,
164160,Ranunculus penicillatus,Ranunculus pseudofluitans (Syme) Newbould,Ranunculus,pseudofluitans,(Syme) Newbould,,
164160,Ranunculus penicillatus,Ranunculus calcareus Butcher,Ranunculus,calcareus,Butcher,,
165205,Thesium psilotocladum,Kunkeliella psilotoclada (Svent.) Stearn,Kunkeliella,psilotoclada,(Svent.) Stearn,,
165226,Micromeria leucantha,Satureja  leucantha (Svent. ex P. Pérez) Willemse,Satureja ,leucantha,(Svent. ex P. Pérez) Willemse,,
165263,Limonium perezii,Statice perezii Stapf,Statice,perezii,Stapf,,
172260,Patellifolia webbiana,Beta webbiana Moq.,Beta,webbiana,Moq.,,
172260,Patellifolia webbiana,"Patellaria webbiana (Moq.) A.J. Scott, Ford-Lloyd & J.T. Williams",Patellaria,webbiana,"(Moq.) A.J. Scott, Ford-Lloyd & J.T. Williams",,
172260,Patellifolia webbiana,Beta hastata Link,Beta,hastata,Link,,
172260,Patellifolia webbiana,Beta pumila Link,Beta,pumila,Link,,
173201,Hipparchia tilosi,"Hipparchia wyssii tilosi Manil, 1984",Hipparchia,wyssii tilosi,"Manil, 1984",,
173220,Hipparchia gomera,"Pseudotergumia wyssii gomera Higgins, 1967",Pseudotergumia,wyssii gomera,"Higgins, 1967",,
173222,Cyclyrius webbianus,"Polyommatus webbianus Brullé, 1840",Polyommatus,webbianus,"Brullé, 1840",,
173222,Cyclyrius webbianus,"Leptotes webbianus (Brullé, 1840)",Leptotes,webbianus,"(Brullé, 1840)",,
173223,Gonepteryx cleobule,"Anteos cleobule Hübner, [1831]",Anteos,cleobule,"Hübner, [1831]",,
173232,Pararge xiphioides,"Pararge xiphia xiphioides Staudinger, 1871",Pararge,xiphia xiphioides,"Staudinger, 1871",,
173244,Euchloe grancanariensis,"Euchloe belemia ssp. grancanariensis Acosta, 2008",Euchloe,belemia,,subspecies,"Acosta, 2008"
173266,Euchloe hesperidum,"Euchloe belemia ssp. hesperidum Rothschild, 1913",Euchloe,belemia,,subspecies,"Rothschild, 1913"
173286,Euchloe eversi,"Euchloe belemia ssp. eversi Stamm, 1963",Euchloe,belemia,,subspecies,"Stamm, 1963"
173299,Hipparchia bacchus,"Pseudotergumia wyssii bacchus Higgins, 1967",Pseudotergumia,wyssii bacchus,"Higgins, 1967",,
173304,Hipparchia tamadabae,"Hipparchia wyssi tamadabae Owen & Smith, 1992",Hipparchia,wyssi tamadabae,"Owen & Smith, 1992",,
173308,Hipparchia wyssii,"Satyrus fidia wyssii Christ, 1889",Satyrus,fidia wyssii,"Christ, 1889",,
176028,Habenaria tridactylites,Orchis  tridactylites  (Lindl.) Webb & Berthel.,Orchis ,tridactylites ,(Lindl.) Webb & Berthel.,,
176043,Himantoglossum metlesicsianum,Barlia metlesicsiana Teschner,Barlia,metlesicsiana,Teschner,,
176406,Asparagus plocamoides,Asparagus scoparius ssp. plocamoides (Webb) Bolle,Asparagus,scoparius,,subspecies,(Webb) Bolle
176533,Asparagus arborescens,Asparagus equisetifolius Webb,Asparagus,equisetifolius,Webb,,
176533,Asparagus arborescens,Asparagus retrofractus Webb & Berthel.,Asparagus,retrofractus,Webb & Berthel.,,
177359,Eleusine indica,Cynosurus indicus L.,Cynosurus,indicus,L.,,
180561,Crambe santosii,Crambe gigantea (Ceballos & Ortuño) Bramwell,Crambe,gigantea,(Ceballos & Ortuño) Bramwell,,
195482,Canariothamnus hermosae,Senecio hermosae Pit.,Senecio,hermosae,Pit.,,
195482,Canariothamnus hermosae,Bethencourtia hermosae (Pit.) G. Kunkel,Bethencourtia,hermosae,(Pit.) G. Kunkel,,
195484,Micromeria glomerata,Satureja anagae R.H.Willemse,Satureja,anagae,R.H.Willemse,,
201672,Ephedra altissima,Ephedra altissima Desf. ssp. algerica Stapf,Ephedra,altissima,Desf.,subspecies,Stapf
201672,Ephedra altissima,Ephedra altissima Desf. ssp. mauritanica Stapf,Ephedra,altissima,Desf.,subspecies,Stapf
201672,Ephedra altissima,Ephedra altissima Desf. ssp. scabra Trab.,Ephedra,altissima,Desf.,subspecies,Trab.
201672,Ephedra altissima,Ephedra altissima Desf. ssp. tripolitana Pamp.,Ephedra,altissima,Desf.,subspecies,Pamp.
201672,Ephedra altissima,Ephedra altissima Desf. ssp. nana Ball,Ephedra,altissima,Desf.,subspecies,Ball
201672,Ephedra altissima,Chaetocladus altissima (Desf.) J.Nelson,Chaetocladus,altissima,(Desf.) J.Nelson,,
201672,Ephedra altissima,Ephedra wettsteinii Buxb.,Ephedra,wettsteinii,Buxb.,,
201689,Ephedra fragilis,Ephedra dissoluta Webb & Berthel.,Ephedra,dissoluta,Webb & Berthel.,,
201689,Ephedra fragilis,Ephedra gibraltarica Boiss.,Ephedra,gibraltarica,Boiss.,,
201689,Ephedra fragilis,Ephedra wettsteinii Buxb.,Ephedra,wettsteinii,Buxb.,,
201689,Ephedra fragilis,Ephedra fragilis Desf. subsp. dissoluta (Webb & Berthel.) Trab,Ephedra,fragilis,Desf.,subspecies (plantae),(Webb & Berthel.) Trab
37671,Erica scoparia subsp. platycodon,Erica scoparia L. var. platycodon Webb & Berthel.,Erica,scoparia,L.,variety,Webb & Berthel.
38396,Prunus lusitanica subsp. hixa,Prunus hixa Willd.,Prunus,hixa,Willd.,,
39484,Pieris cheiranthi,"Papilio cheiranthi Hübner, 1808",Papilio,cheiranthi,"Hübner, 1808",,
61596,Sambucus nigra subsp. palmensis,Sambucus palmensis Link,Sambucus,palmensis,Link,,
61657,Echium decaisnei subsp. purpuriense,Echium famarae Lems & Holzapfel.,Echium,famarae,Lems & Holzapfel.,,
13326742,Seladonia concinna,"Halictus concinnus Brullé, 1839",Halictus,concinnus,"Brullé, 1839",,
13490705,Cenchrus ciliaris,Pennisetum ciliare (L.) Link,Pennisetum,ciliare,(L.) Link,,
13507110,Alpinia zerumbet,Costus zerumbet Pers.,Costus,zerumbet,Pers.,,
164079,Cyperus fuscus,Cyperus protractus Delile,Cyperus,protractus,Delile,,
164079,Cyperus fuscus,Cyperus calidus A.Kern.,Cyperus,calidus,A.Kern.,,
164079,Cyperus fuscus,Cyperus ferrugineus Forssk.,Cyperus,ferrugineus,Forssk.,,
164079,Cyperus fuscus,Cyperus virescens Hoffm.,Cyperus,virescens,Hoffm.,,
164274,Fimbristylis ferruginea subsp. sieberiana,Fimbristylis sieberiana Kunth,Fimbristylis,sieberiana,Kunth,,
164138,Ranunculus trichophyllus,Ranunculus peucedanoides Desf.,Ranunculus,peucedanoides,Desf.,,
164138,Ranunculus trichophyllus,Ranunculus capillaceus Thuill.,Ranunculus,capillaceus,Thuill.,,
164530,Veronica anagalloides,Veronica anagallis-aquatica L. ssp. anagalloides (Guss.) Batt.,Veronica,anagallis-aquatica,L.,subspecies,(Guss.) Batt.
164203,Apium graveolens,Sium  graveolens  Vest,Sium ,graveolens ,Vest,,
164203,Apium graveolens,Sium  apium  Roth,Sium ,apium ,Roth,,
164203,Apium graveolens,Seseli  graveolens  Scop.,Seseli ,graveolens, Scop.,,
164203,Apium graveolens,Apium  vulgare  Bubani,Apium ,vulgare ,Bubani,,
164203,Apium graveolens,Selinum  graveolens  Krause,Selinum ,graveolens ,Krause,,
164203,Apium graveolens,Celeria  graveolens  (L.) Britton,Celeria ,graveolens, (L.) Britton,,
164203,Apium graveolens,Carum  graveolens  (L.) Koso-Pol.,Carum ,graveolens ,(L.) Koso-Pol.,,
164203,Apium graveolens,Apium rapaceum  Mill.,Apium,rapaceum ,Mill.,,
164203,Apium graveolens,Apium palustre  Thore,Apium,palustre ,Thore,,
164203,Apium graveolens,Apium  maritimum  Salisb.,Apium ,maritimum ,Salisb.,,
164203,Apium graveolens,Apium  lusitanicum  Mill.,Apium, lusitanicum ,Mill.,,
164203,Apium graveolens,Apium  integrilobum  Hayata,Apium, integrilobum ,Hayata,,
164203,Apium graveolens,Apium graveolens Dumort. var. maritimum,Apium,graveolens,Dumort.,variety,
164203,Apium graveolens,Apium  graveolens (Mill.) DC. var. lusitanicum,Apium ,graveolens,(Mill.) DC.,variety,
164203,Apium graveolens,Apium  graveolens (Mill.) DC. var. dulce,Apium ,graveolens,(Mill.) DC.,variety,
164203,Apium graveolens,Apium  graveolens  D.Gómez & G.Monts. var. butronensis,Apium, graveolens, D.Gómez & G.Monts.,variety,
164203,Apium graveolens,Apium  graveolens Hosni var. bashmensis,Apium ,graveolens,Hosni,variety,
164203,Apium graveolens,Apium  graveolens subsp. butronensis 	 (D.Gómez & G.Monts.) Aizpuru,Apium, graveolens subsp. butronensis 	,(D.Gómez & G.Monts.) Aizpuru,,
164203,Apium graveolens,Apium  graveolens f. lusitanicum  (Mill.) J.Helm,Apium ,graveolens f. lusitanicum ,(Mill.) J.Helm,,
164203,Apium graveolens,Apium  dulce  Mill.,Apium, dulce ,Mill.,,
164203,Apium graveolens,Apium  decumbens  Eckl. & Zeyh.,Apium ,decumbens ,Eckl. & Zeyh.,,
164203,Apium graveolens,Apium  celleri  Gaertn.,Apium ,celleri ,Gaertn.,,
164203,Apium graveolens,Apium  lobatum  Gilib.,Apium, lobatum ,Gilib.,,
164030,Apium nodiflorum,Helosciadum nodiflorum W.D.J.Koch,Helosciadum,nodiflorum,W.D.J.Koch,,
164030,Apium nodiflorum,Apium nodiflorum var. vulgare H.Wolff,Apium,nodiflorum var. vulgare,H.Wolff,,
164030,Apium nodiflorum,Helodium nodiflorum (L.) Dumort.,Helodium,nodiflorum,(L.) Dumort.,,
164030,Apium nodiflorum,Helosciadium nodiflorum (L.) Koch,Helosciadium,nodiflorum,(L.) Koch,,
164030,Apium nodiflorum,Meum nodiflorum (L.) Baill.,Meum,nodiflorum,(L.) Baill.,,
164030,Apium nodiflorum,Pimpinella nodiflora (L.) Stokes,Pimpinella,nodiflora,(L.) Stokes,,
164030,Apium nodiflorum,Selinum nodiflorum (L.) E.H.L.Krause,Selinum,nodiflorum,(L.) E.H.L.Krause,,
164030,Apium nodiflorum,Sium nodiflorum L.,Sium,nodiflorum,L.,,
164030,Apium nodiflorum,Seseli nodiflorum (L.) Scop.,Seseli,nodiflorum,(L.) Scop.,,
202950,Centaurium erythraea,Centaurium latifolium (Sm.) Druce,Centaurium,latifolium,(Sm.) Druce,,
202950,Centaurium erythraea,Erythraea centaurium (L.) Pers.,Erythraea,centaurium,(L.) Pers.,,
60038,Sympetrum fonscolombii,"Sympetrum fonscolombei Selys, 1840",Sympetrum,fonscolombei,"Selys, 1840",,
19199407,Andrena sagittaria,"Andrena sinuata ssp. sagittaria  Warncke, 1968",Andrena,sinuata,,subspecies,"Warncke, 1968"
172214,Aegilops geniculata,Aegilops ovata ssp. gibberosa Zhuk.,Aegilops,ovata,,subspecies,Zhuk.
172214,Aegilops geniculata,Aegilops ovata auct.,Aegilops,ovata,auct.,,
172214,Aegilops geniculata,Triticum ovatum auct.,Triticum,ovatum,auct.,,
172214,Aegilops geniculata,Aegilops  geniculata ssp. gibberosa (Zhuk.) K.Hammer,Aegilops ,geniculata,,subspecies,(Zhuk.) K.Hammer
172214,Aegilops geniculata,Aegilops  geniculata ssp. geniculata,Aegilops ,geniculata,,subspecies,
172192,Allium ampeloprasum,Allium thessalum Boiss.,Allium,thessalum,Boiss.,,
172192,Allium ampeloprasum,Porrum amethystinum Rchb.,Porrum,amethystinum,Rchb.,,
172192,Allium ampeloprasum,Allium  adscendens  Kunth,Allium ,adscendens, Kunth,,
172192,Allium ampeloprasum,Allium  albescens  Guss.,Allium ,albescens ,Guss.,,
172192,Allium ampeloprasum,Allium babingtonii Borrer,Allium,babingtonii,Borrer,,
172192,Allium ampeloprasum,Allium bertolonii De Not.,Allium,bertolonii,De Not.,,
172192,Allium ampeloprasum,Allium byzantinum K.Koch,Allium,byzantinum,K.Koch,,
172192,Allium ampeloprasum,Allium durieuanum Walp.,Allium,durieuanum,Walp.,,
172192,Allium ampeloprasum,Allium gasparrinii Guss.,Allium,gasparrinii,Guss.,,
172192,Allium ampeloprasum,Allium kurrat Schweinf. ex K.Krause,Allium,kurrat,Schweinf. ex K.Krause,,
172192,Allium ampeloprasum,Allium laetum Salisb.,Allium,laetum,Salisb.,,
172192,Allium ampeloprasum,Allium porrum L.,Allium,porrum,L.,,
172192,Allium ampeloprasum,Porrum commune Rchb.,Porrum,commune,Rchb.,,
172192,Allium ampeloprasum,Allium spectabile De Not.,Allium,spectabile,De Not.,,
172192,Allium ampeloprasum,Allium holmense Mill. ex Kunth,Allium,holmense,Mill. ex Kunth,,
172192,Allium ampeloprasum,Allium ascendens Ten.,Allium,ascendens,Ten.,,
172192,Allium ampeloprasum,Allium porraceum Gray,Allium,porraceum,Gray,,
172192,Allium ampeloprasum,Allium pylium De Not.,Allium,pylium,De Not.,,
172192,Allium ampeloprasum,Allium scopulicola Font Quer,Allium,scopulicola,Font Quer,,
172192,Allium ampeloprasum,Allium syriacum Boiss.,Allium,syriacum,Boiss.,,
172192,Allium ampeloprasum,Porrum ampeloprasum (L.) Mill.,Porrum,ampeloprasum,(L.) Mill.,,
172192,Allium ampeloprasum,Porrum sativum Mill.,Porrum,sativum,Mill.,,
172049,Avena fatua,Avena fatua L. subsp. glabrescens Coss.,Avena,fatua,L.,subspecies (plantae),Coss.
172049,Avena fatua,Avena fatua L. subsp. glabrata Peterm.,Avena,fatua,L.,subspecies (plantae),Peterm.
172049,Avena fatua,Avena sativa L. subsp. fatua (L.) Thell.,Avena,sativa,L.,subspecies (plantae),(L.) Thell.
172204,Avena sterilis,Avena byzantina K.Koch var. solida  (Hausskn.) Maire & Weiller,Avena,byzantina,K.Koch,variety,(Hausskn.) Maire & Weiller	
172204,Avena sterilis,Avena sterilis L. subsp. macrocarpa Briq.,Avena,sterilis,L.,subspecies (plantae),Briq.
172204,Avena sterilis,Avena sterilis L. subsp. ludoviciana (Durieu) Gillet & Magne,Avena,sterilis,L.,subspecies (plantae),(Durieu) Gillet & Magne
172204,Avena sterilis,Avena ludoviciana Durieu,Avena,ludoviciana,Durieu,,
172204,Avena sterilis,Avena  affinis  P.J.Bergius ex Steud.,Avena ,affinis ,P.J.Bergius ex Steud.,,
172204,Avena sterilis,Avena  fatua L. var. sterilis  (L.) Fiori & Paol.,Avena ,fatua,L.,variety,(L.) Fiori & Paol.
172204,Avena sterilis,Avena  macrocarpa  Moench,Avena ,macrocarpa ,Moench,,
172204,Avena sterilis,Avena  nutans  St.-Lag.,Avena, nutans ,St.-Lag.,,
172204,Avena sterilis,Avena  sativa L. var. sterilis  (L.) Fiori,Avena, sativa,L.,variety, (L.) Fiori
172204,Avena sterilis,Avena  sensitiva  Voss,Avena ,sensitiva ,Voss,,
172204,Avena sterilis,Avena  solida  (Hausskn.) Herter,Avena ,solida, (Hausskn.) Herter,,
172204,Avena sterilis,Avena  sterilis L. ssp. algeriensis (Trab.) Trab.,Avena ,sterilis,L.,subspecies,(Trab.) Trab.
172204,Avena sterilis,Avena  sterilis L. fma. biflora  Hausskn.,Avena ,sterilis,L.,forma,Hausskn.
172204,Avena sterilis,Avena  sterilis L. var. glabriflora  Malzev,Avena ,sterilis,L.,variety,Malzev
172204,Avena sterilis,Avena sterilis L. var. maxima  Pérez Lara,Avena,sterilis,L.,variety,Pérez Lara
172204,Avena sterilis,Avena  sterilis L. var. media  Malzev,Avena ,sterilis,L.,variety,Malzev
172204,Avena sterilis,Avena  sterilis L. var. solida  Hausskn.,Avena ,sterilis,L.,variety,Hausskn.
172204,Avena sterilis,Avena  sterilis L. fma. subulifera  Thell.,Avena ,sterilis,L.,forma,Thell.
172204,Avena sterilis,Avena  sterilis L. var. subulifera  (Thell.) Tzvelev,Avena ,sterilis,L.,variety,(Thell.) Tzvelev
172204,Avena sterilis,Avena  syriaca  Boiss. & Balansa,Avena ,syriaca ,Boiss. & Balansa,,
172204,Avena sterilis,Avena  turonensis  Tourlet,Avena ,turonensis ,Tourlet,,
172204,Avena sterilis,Avena sativa L. subsp. sterilis (L.) De Wet,Avena,sativa,L.,subspecies (plantae),(L.) De Wet
172204,Avena sterilis,Avena  sativa L. ssp. sterilis (L.) De Wet,Avena ,sativa,L.,subspecies,(L.) De Wet
172204,Avena sterilis,Avena  sterilis L. var. subcalvescens  Malzev,Avena ,sterilis,L.,variety,Malzev
170108,Rhamphospermum nigrum,Melanosinapis communis K.F.Schimp. & Spenn.,Melanosinapis,communis,K.F.Schimp. & Spenn.,,
170108,Rhamphospermum nigrum,Crucifera sinapis (L.) E.H.L.Krause,Crucifera,sinapis,(L.) E.H.L.Krause,,
170108,Rhamphospermum nigrum,Brassica bracteolata Fisch. & C.A. Mey.,Brassica,bracteolata,Fisch. & C.A. Mey.,,
170108,Rhamphospermum nigrum,Melanosinapis nigra (L.) Calest.,Melanosinapis,nigra,(L.) Calest.,,
170108,Rhamphospermum nigrum,Sinapsis nigra L.,Sinapsis,nigra,L.,,
170108,Rhamphospermum nigrum,Brassica sinapioides Roth ex Mert. & W.D.J.Koch,Brassica,sinapioides,Roth ex Mert. & W.D.J.Koch,,
170108,Rhamphospermum nigrum,Brassica turgida Rouy & Foucaud,Brassica,turgida,Rouy & Foucaud,,
170108,Rhamphospermum nigrum,Brassica sinapis Noulet,Brassica,sinapis,Noulet,,
170108,Rhamphospermum nigrum,Brassica bracteolata Fisch. & C.A.Mey.,Brassica,bracteolata,Fisch. & C.A.Mey.,,
170108,Rhamphospermum nigrum,Raphanus  sinapis-officinalis  Crantz,Raphanus ,sinapis-officinalis ,Crantz,,
170108,Rhamphospermum nigrum,Mutarda nigra (L.) Bernh.,Mutarda,nigra,(L.) Bernh.,,
170108,Rhamphospermum nigrum,Sinapis erysimoides Roxb.,Sinapis,erysimoides,Roxb.,,
170108,Rhamphospermum nigrum,Sisymbrium nigrum (L.) Prantl,Sisymbrium,nigrum,(L.) Prantl,,
170108,Rhamphospermum nigrum,Brassica persoonii Rouy & Foucaud,Brassica,persoonii,Rouy & Foucaud,,
170108,Rhamphospermum nigrum,Sinapis torulosa Pers.,Sinapis,torulosa,Pers.,,
170108,Rhamphospermum nigrum,Brassica nigra (L.) K.Koch,Brassica,nigra,(L.) K.Koch,,
180099,Vicia ervilia,Ervum ervilia L.,Ervum,ervilia,L.,,
180099,Vicia ervilia,Ervilia sativa Link,Ervilia,sativa,Link,,
180099,Vicia ervilia,Lens pygmaea Grossh.,Lens,pygmaea,Grossh.,,
180098,Vicia articulata,Vicia multifida Wallr.,Vicia,multifida,Wallr.,,
180098,Vicia articulata,Lens monantha (L.) Moench.,Lens,monantha,(L.) Moench.,,
180098,Vicia articulata,Lathyrus monanthos (L.) Willd.,Lathyrus,monanthos,(L.) Willd.,,
180098,Vicia articulata,Vicia ciliaris Sibth. & Sm.,Vicia,ciliaris,Sibth. & Sm.,,
180098,Vicia articulata,Vicia smyrnaea Boiss.,Vicia,smyrnaea,Boiss.,,
180098,Vicia articulata,Cracca monanthos Gren. & Godr.,Cracca,monanthos,Gren. & Godr.,,
180098,Vicia articulata,Vicia monanthos (L.) Desf.,Vicia,monanthos,(L.) Desf.,,
180098,Vicia articulata,Ervum monanthos L.,Ervum,monanthos,L.,,
176613,Medicago turbinata,Medicago tuberculata (Retz.) Willd.,Medicago,tuberculata,(Retz.) Willd.,,
176613,Medicago turbinata,Medicago spinulosa DC.,Medicago,spinulosa,DC.,,
176613,Medicago turbinata,Medicago polymorpha var. turbinata L.,Medicago,polymorpha,,variety,L.
176489,Medicago truncatula,Medicago tentaculata Willd.,Medicago,tentaculata,Willd.,,
176489,Medicago truncatula,Medicago uncinata Willd.,Medicago,uncinata,Willd.,,
176489,Medicago truncatula,Medicago tribuloides Desr.,Medicago,tribuloides,Desr.,,
176447,Lathyrus tingitanus,Lathyrus coruscans Emb. & Maire,Lathyrus,coruscans,Emb. & Maire,,
176447,Lathyrus tingitanus,Lathyrus mexicanus Schlect,Lathyrus,mexicanus,Schlect,,
176470,Lathyrus ochrus,Pisum ochrus L.,Pisum,ochrus,L.,,
174708,Lathyrus cicera,Lathyrus aegaeus Davidov,Lathyrus,aegaeus,Davidov,,
172094,Hordeum murinum,Critesion murinum (L.) Á.Löve,Critesion,murinum,(L.) Á.Löve,,
172094,Hordeum murinum,Hordeum rubens Willk.,Hordeum,rubens,Willk.,,
172094,Hordeum murinum,Triticum murale Salisb.,Triticum,murale,Salisb.,,
172094,Hordeum murinum,Zeocriton murinum (L.) P.Beauv.,Zeocriton,murinum,(L.) P.Beauv.,,
172273,Hordeum marinum,Hordeum berteroanum É.Desv.,Hordeum,berteroanum,É.Desv.,,
172273,Hordeum marinum,Hordeum caudatum V.Jirásek,Hordeum,caudatum,V.Jirásek,,
172273,Hordeum marinum,Hordeum pubescens Guss.,Hordeum,pubescens,Guss.,,
172273,Hordeum marinum,Hordeum rigidum Roth,Hordeum,rigidum,Roth,,
172273,Hordeum marinum,Hordeum winkleri Hack.,Hordeum,winkleri,Hack.,,
172273,Hordeum marinum,Zeocriton rigidum (Roth) P.Beauv.,Zeocriton,rigidum,(Roth) P.Beauv.,,
172210,Daucus carota,Caucalis  daucus  Crantz,Caucalis ,daucus ,Crantz,,
172210,Daucus carota,Daucus  allionii  Link,Daucus ,allionii ,Link,,
172210,Daucus carota,Daucus  australis  Kotov,Daucus ,australis ,Kotov,,
172210,Daucus carota,Daucus  blanchei  Reut.,Daucus ,blanchei ,Reut.,,
172210,Daucus carota,Caucalis  carnosa  Roth,Caucalis ,carnosa, Roth,,
172210,Daucus carota,Caucalis  carota  (L.) Crantz,Caucalis ,carota, (L.) Crantz,,
172210,Daucus carota,Daucus  carota var. brachycaulos  Reduron,Daucus ,carota var. brachycaulos ,Reduron,,
172210,Daucus carota,Daucus  carota f. epurpuratus  Farw.,Daucus ,carota f. epurpuratus ,Farw.,,
172210,Daucus carota,Daucus  carota f. goodmanii  Moldenke,Daucus, carota f. goodmanii ,Moldenke,,
172210,Daucus carota,Daucus  carota var. linearis  Reduron,Daucus ,carota var. linearis ,Reduron,,
172210,Daucus carota,Daucus  carota f. roseus  Millsp.,Daucus ,carota f. roseus ,Millsp.,,
172210,Daucus carota,Daucus  carota f. roseus  Farw.,Daucus ,carota f. roseus, Farw.,,
172210,Daucus carota,Daucus  communis  Rouy & E.G.Camus,Daucus ,communis ,Rouy & E.G.Camus,,
172210,Daucus carota,Daucus  communis var. pseudocarota  Rouy & E.G.Camus,Daucus ,communis var. pseudocarota, Rouy & E.G.Camus,,
172210,Daucus carota,Daucus  esculentus  Salisb.,Daucus ,esculentus ,Salisb.,,
172210,Daucus carota,Daucus  exiguus  Steud.,Daucus ,exiguus ,Steud.,,
172210,Daucus carota,Daucus  gingidium  Georgi,Daucus ,gingidium ,Georgi,,
172210,Daucus carota,Daucus  heterophylus  Raf.,Daucus, heterophylus, Raf.,,
172210,Daucus carota,Daucus  kotovii  M.Hiroe,Daucus, kotovii ,M.Hiroe,,
172210,Daucus carota,Daucus  levis  Raf.,Daucus ,levis ,Raf.,,
172210,Daucus carota,Daucus  marcidus  Timb.-Lagr.,Daucus ,marcidus ,Timb.-Lagr.,,
172210,Daucus carota,Daucus  maritimus  With.,Daucus, maritimus ,With.,,
172210,Daucus carota,Daucus  montanus  Schmidt ex Nyman,Daucus ,montanus ,Schmidt ex Nyman,,
172210,Daucus carota,Daucus  neglectus  Lowe,Daucus ,neglectus, Lowe,,
172210,Daucus carota,Daucus  nudicaulis  Raf.,Daucus ,nudicaulis ,Raf.,,
172210,Daucus carota,Daucus  officinalis  Gueldenst. ex Ledeb.,Daucus ,officinalis ,Gueldenst. ex Ledeb.,,
172210,Daucus carota,Daucus  polygamus  Jacq. ex Nyman,Daucus ,polygamus ,Jacq. ex Nyman,,
172210,Daucus carota,Daucus  scariosus  Raf.,Daucus, scariosus ,Raf.,,
172210,Daucus carota,Daucus  sciadophylus  Raf.,Daucus, sciadophylus ,Raf.,,
172210,Daucus carota,Daucus  strigosus  Raf.,Daucus ,strigosus, Raf.,,
172210,Daucus carota,Daucus  sylvestris  Mill.,Daucus ,sylvestris, Mill.,,
172210,Daucus carota,Daucus  vulgaris  Neck.,Daucus ,vulgaris ,Neck.,,
172210,Daucus carota,Daucus carota f. fischeri  Moldenke,Daucus,carota f. fischeri ,Moldenke,,
172210,Daucus carota,Daucus brevicaulis  Raf.,Daucus,brevicaulis ,Raf.,,
172210,Daucus carota,Daucus  carota var. pseudocarota  (Rouy & E.G.Camus) Reduron,Daucus, carota var. pseudocarota ,(Rouy & E.G.Camus) Reduron	,,
172210,Daucus carota,Daucus  vulgaris  Garsault,Daucus, vulgaris ,Garsault ,,
172210,Daucus carota,Carota sylvestris (Mill.) Lobel ex Rupr.,Carota,sylvestris,(Mill.) Lobel ex Rupr.,,
172210,Daucus carota,Daucus agrestis Raf.,Daucus,agrestis,Raf.,,
172210,Daucus carota,Daucus alatus Poir.,Daucus,alatus,Poir.,,
172210,Daucus carota,Daucus carota ssp. caporientalis Reduron,Daucus,carota,,subspecies,Reduron
172210,Daucus carota,Daucus dentatus Bertol.,Daucus,dentatus,Bertol.,,
172210,Daucus carota,Daucus gibbosus Bertol.,Daucus,gibbosus,Bertol.,,
172210,Daucus carota,Daucus martellii Gand. ex Calest.,Daucus,martellii,Gand. ex Calest.,,
172210,Daucus carota,Platyspermum alatum (Poir.) Schult.,Platyspermum,alatum,(Poir.) Schult.,,
172210,Daucus carota,Tiricta daucoides Raf.,Tiricta,daucoides,Raf.,,
172210,Daucus carota,Daucus carota ssp. valeriae Reduron,Daucus,carota,,subspecies,Reduron
172210,Daucus carota,Daucus foliosus Guss.,Daucus,foliosus,Guss.,,
19199096,Hylaeus ater,"Prosopis atra Sauders, 1903",Prosopis,atra,"Sauders, 1903",,
19198482,Hylaeus canariensis,"Hylaeus canariensis Erlandsson, 1983",Hylaeus,canariensis,"Erlandsson, 1983",,
19199341,Hylaeus hohmanni,"Hylaeus hohmanni Dathe, 1993",Hylaeus,hohmanni,"Dathe, 1993",,
176423,Trifolium angustifolium,Triphylloides angustifolia (L.) Moench,Triphylloides,angustifolia,(L.) Moench,,
19199171,Dioxys atlanticus,"Dioxys atlantica Saunders, 1904 [orth. var.]",Dioxys,atlantica,"Saunders, 1904 [orth. var.]",,
19198594,Tetralonia hohmanni,"Tetraloniella hohmanni (Tkalců, 1993)",Tetraloniella,hohmanni,"(Tkalců, 1993)",,
19199329,Tetralonia lanzarotensis,"Tetraloniella lanzarotensis (Tkalců, 1993)",Tetraloniella,lanzarotensis,"(Tkalců, 1993)",,
19199882,Amegilla canifrons,"Anthophora  canifrons  Smith, 1854",Anthophora ,canifrons ,"Smith, 1854",,
19198821,Anthophora alluaudi,"Podalirius  canariensis  Saunders, 1903",Podalirius ,canariensis ,"Saunders, 1903",,
19198821,Anthophora alluaudi,"Anthophora  alluaudi ssp. fuerteventurae  Lieftinck, 1958",Anthophora ,alluaudi,,subspecies,"Lieftinck, 1958"
19198821,Anthophora alluaudi,"Anthophora alluaudi  ssp. hierroensis  Tkalcu, 1993",Anthophora,alluaudi ,,subspecies,"Tkalcu, 1993"
19199603,Anthophora lanzarotensis,"Heliophila  lanzarotensis Tkalců, 1993",Heliophila ,lanzarotensis,"Tkalců, 1993",,
19199328,Anthophora lieftincki,"Heliophila lieftincki Tkalců, 1993",Heliophila,lieftincki,"Tkalců, 1993",,
163974,Alisma lanceolatum,Alisma stenophyllum (Asch. & Graebn.) Sam.,Alisma,stenophyllum,(Asch. & Graebn.) Sam.,,
163974,Alisma lanceolatum,Alisma plantago-aquatica var. lanceolatum (With.) Lej.,Alisma,plantago-aquatica,,variety,(With.) Lej.
164327,Baldellia ranunculoides,Echinodorus ranunculoides (L.) Engelm.,Echinodorus,ranunculoides,(L.) Engelm.,,
164327,Baldellia ranunculoides,Alisma ranunculoides L.,Alisma,ranunculoides,L.,,
164040,Schoenoplectus triqueter,Heleogiton triquetrum Rchb.,Heleogiton,triquetrum,Rchb.,,
164040,Schoenoplectus triqueter,Schoenoplectus americanus (Pers.) Volkart,Schoenoplectus,americanus,(Pers.) Volkart,,
164040,Schoenoplectus triqueter,Scirpus americanus Pers.,Scirpus,americanus,Pers.,,
164040,Schoenoplectus triqueter,Scirpus triqueter L.,Scirpus,triqueter,L.,,
164040,Schoenoplectus triqueter,Eleogiton triqueter (L.) Fourr.,Eleogiton,triqueter,(L.) Fourr.,,
164020,Agrostis stolonifera,Agrostis adscendens Lange,Agrostis,adscendens,Lange,,
164020,Agrostis stolonifera,Agrostis karsensis Litv.,Agrostis,karsensis,Litv.,,
164020,Agrostis stolonifera,Agrostis alba ssp. stolonifera (L.) V. Jirásek,Agrostis,alba,,subspecies,(L.) V. Jirásek
164020,Agrostis stolonifera,Agrostis stolonizans Schult. & Schult. f.,Agrostis,stolonizans,Schult. & Schult. f.,,
164020,Agrostis stolonifera,Agrostis filifolia Link,Agrostis,filifolia,Link,,
164020,Agrostis stolonifera,Agrostis capillaris Pollich,Agrostis,capillaris,Pollich,,
164020,Agrostis stolonifera,Agrostis stolonifera ssp. prorepens Koch,Agrostis,stolonifera,,subspecies,Koch
164020,Agrostis stolonifera,Agrostis zerovii Klokov,Agrostis,zerovii,Klokov,,
185722,Juncus hybridus,Juncus insulanus Viv.,Juncus,insulanus,Viv.,,
185722,Juncus hybridus,Juncus bufonius L. ssp. insulanus (Viv.) Briq.,Juncus,bufonius,L.,subspecies,(Viv.) Briq.
185722,Juncus hybridus,Juncus bufonius L. subsp. mutabilis (Savi) Lindb.,Juncus,bufonius,L.,subspecies (plantae),(Savi) Lindb.
185722,Juncus hybridus,Juncus bufonius L subsp. hybridus (Brot.) Coss. & Durieu,Juncus,bufonius,L,subspecies (plantae),(Brot.) Coss. & Durieu
185722,Juncus hybridus,Juncus bufonius L. subsp. fasciculatus W.D.J.Koch,Juncus,bufonius,L.,subspecies (plantae),W.D.J.Koch
164245,Juncus inflexus,Juncus depauperatus Ten.,Juncus,depauperatus,Ten.,,
164245,Juncus inflexus,Juncus glaucus Ehrh.,Juncus,glaucus,Ehrh.,,
19198951,Lasioglossum viride,"Lasioglossum viride ssp. cabrerai (Warncke, 1975)",Lasioglossum,viride,,subspecies,"(Warncke, 1975)"
19198951,Lasioglossum viride,"Lasioglossum viride ssp. palmae (Ebmer, 1993)",Lasioglossum,viride,,subspecies,"(Ebmer, 1993)"
19198951,Lasioglossum viride,"Lasioglossum viride ssp. unicolor (Brullé, 1839)",Lasioglossum,viride,,subspecies,"(Brullé, 1839)"
19198951,Lasioglossum viride,"Lasioglossum viride ssp. viride (Brullé, 1839)",Lasioglossum,viride,,subspecies,"(Brullé, 1839)"
19198644,Lasioglossum loetum,"Lasioglossum laetum (Brullé, 1839) [orth. var.]",Lasioglossum,laetum,"(Brullé, 1839) [orth. var.]",,
19199677,Lasioglossum arctifrons,"Lasioglossum arctifrons ssp. arctifrons (Saunders, 1903)",Lasioglossum,arctifrons,,subspecies,"(Saunders, 1903)"
19199677,Lasioglossum arctifrons,"Lasioglossum arctifrons ssp. opatum (Warncke, 1975)",Lasioglossum,arctifrons,,subspecies,"(Warncke, 1975)"
19199677,Lasioglossum arctifrons,"Lasioglossum arctifrons ssp. glandarium (Warncke, 1975)",Lasioglossum,arctifrons,,subspecies,"(Warncke, 1975)"
19198628,Andrena chalcogastra,"Andrena chalcogastra  ssp. palmaensis  Warncke, 1968",Andrena,chalcogastra ,,subspecies,"Warncke, 1968"
19198628,Andrena chalcogastra,"Andrena  chalcogastra  ssp. chalcogastra  Brullé, 1839",Andrena ,chalcogastra ,,subspecies,"Brullé, 1839"
19198628,Andrena chalcogastra,"Andrena  chalcogastra  ssp. gomera Warncke, 1968",Andrena ,chalcogastra ,,subspecies,"Warncke, 1968 "
19198885,Andrena damara,"Andrena sinuata ssp. damara Warncke, 1968", Andrena,sinuata,,subspecies,"Warncke, 1968"
18963261,Setaria parviflora,Setaria gracilis Kunth,Setaria,gracilis,Kunth,,
18963261,Setaria parviflora,Cenchrus parviflorus Poir.,Cenchrus,parviflorus,Poir.,,
44392851,Poa angustifolia,Poa pratensis var. angustifolia (L.) Gaud.,Poa,pratensis,,variety,(L.) Gaud.
44791483,Ameles gracilis,"Mantis gracilis Brullé, 1838",Mantis,gracilis,"Brullé, 1838",,
44791491,Ameles limbata,"Mantis limbata Brullé, 1838",Mantis,limbata,"Brullé, 1838",,
44792252,Pseudoyersinia subaptera,"Pseudoyersinia  lindbergi Chopard, 1954",Pseudoyersinia ,lindbergi,"Chopard, 1954",,
44790903,Blepharopsis mendica,"Mantis mendica Fabricius, 1775",Mantis,mendica,"Fabricius, 1775",,
202960,Pistacia lentiscus,Lentiscus  vulgaris  Fourr.,Lentiscus ,vulgaris ,Fourr.,,
202960,Pistacia lentiscus,Terebinthus  lentiscus  (L.) Moench,Terebinthus, lentiscus ,(L.) Moench,,
47943883,Chilothorax hieroglyphicus,"Aphodius hieroglyphicus Klug, 1845",Aphodius,hieroglyphicus,"Klug, 1845",,
47944471,Plagiogonus nanus,"Aphodius nanus Fairmaire, 1860",Aphodius,nanus,"Fairmaire, 1860",,
47945671,Aphodius ghardimaouensis,"Aphodius (Bodilus)  lychnobius  Petrovitz, 1954",Aphodius (Bodilus) ,lychnobius ,"Petrovitz, 1954",,
47945671,Aphodius ghardimaouensis,"Aphodius (Bodilus) ghardimaouensis Balthasar, 1929",Aphodius (Bodilus),ghardimaouensis,"Balthasar, 1929",,
47945671,Aphodius ghardimaouensis,"Aphodius (Bodilus) ictericus (Laicharting, 1781) ssp. ghardimaouensis Balthasar, 1929",Aphodius (Bodilus),ictericus,"(Laicharting, 1781)",subspecies,"Balthasar, 1929"
47945671,Aphodius ghardimaouensis,"Bodiloides ictericus (Laicharting, 1781) ssp. ghardimaouensis (Balthasar, 1929)",Bodiloides,ictericus,"(Laicharting, 1781)",subspecies,"(Balthasar, 1929)"
49485755,Psidium guajava,Guajava pyrifera Kuntze,Guajava,pyrifera,Kuntze,,
49485755,Psidium guajava,Myrtus guajava (L.) Kuntze,Myrtus,guajava,(L.) Kuntze,,
49485755,Psidium guajava,Psidium pyriferum L.,Psidium,pyriferum,L.,,
50135950,Prunus domestica,Prunus communis Huds.,Prunus,communis,Huds.,,
50135950,Prunus domestica,Prunus italica Borkh.,Prunus,italica,Borkh.,,
50135950,Prunus domestica,Prunus domestica var. juliana  Poir.,Prunus,domestica var. juliana ,Poir.,,
50135950,Prunus domestica,Prunus insititia L.,Prunus,insititia,L.,,
50135950,Prunus domestica,Prunus syriaca Borkh.,Prunus,syriaca,Borkh.,,
19108751,Silene vulgaris,Silene    vulgaris (Moench) Garcke ssp. vulgaris,Silene   ,vulgaris,(Moench) Garcke,subspecies,
19108751,Silene vulgaris,Cucubalus    behen L.,Cucubalus   ,behen,L.,,
19108751,Silene vulgaris,Silene   inflata var. rubriflora Ball,Silene  ,inflata,,variety,Ball
19108751,Silene vulgaris,Silene    tenoreana Colla,Silene   ,tenoreana,Colla,,
19108751,Silene vulgaris,Silene   vulgaris var. tenoreana (Colla) Jahand. & Maire,Silene  ,vulgaris,,variety,(Colla) Jahand. & Maire
19108751,Silene vulgaris,Silene   inflata  Sm.,Silene  ,inflata ,Sm.,,
19108751,Silene vulgaris,Silene   vulgaris var. lancifolia Rouy,Silene  ,vulgaris,,variety,Rouy
19108751,Silene vulgaris,Silene   vulgaris ssp. angustifolia Hayek,Silene  ,vulgaris,,subspecies,Hayek
19108751,Silene vulgaris,Silene   vulgaris ssp. glareosa auct.,Silene  ,vulgaris,,subspecies,auct.
19108751,Silene vulgaris,Silene   glareosa Jord.,Silene  ,glareosa,Jord.,,
19108751,Silene vulgaris,Silene   inflata var. intricata Lowe,Silene  ,inflata,,variety,Lowe
19108751,Silene vulgaris,Behen  vulgaris  Moench,Behen ,vulgaris ,Moench ,,
19108751,Silene vulgaris,Silene  cucubalus  Wibel,Silene ,cucubalus ,Wibel ,,
19108751,Silene vulgaris,Silene   cucubalus var. angustifolia auct.,Silene  ,cucubalus,,variety,auct. 
19108751,Silene vulgaris,Silene   angustifolia Guss.,Silene  ,angustifolia,Guss. ,,
19108751,Silene vulgaris,Silene  venosa var. angustifolia (Guss.) Wirtg.,Silene ,venosa,,variety,(Guss.) Wirtg. 
19108751,Silene vulgaris,Silene  sersuensis Pomel,Silene ,sersuensis,Pomel ,,
19108751,Silene vulgaris,Silene   cucubalus var. lancifolia (Rouy) Maire,Silene  ,cucubalus,,variety,(Rouy) Maire 
19108751,Silene vulgaris,Silene   cucubalus var. platyphylla Maire,Silene  ,cucubalus,,variety,Maire 
19349293,Ferula communis,Ferula  lobeliana  Vis.,Ferula, lobeliana ,Vis.,,
19349293,Ferula communis,Ferula  montis-elgonis  Bullock,Ferula ,montis-elgonis ,Bullock,,
19349293,Ferula communis,Ferula  nodiflora  L.,Ferula ,nodiflora ,L.,,
19349293,Ferula communis,Bubon  rigidior  L.,Bubon, rigidior ,L.,,
19349293,Ferula communis,Ferula  abyssinica  Hochst. ex A.Rich.,Ferula ,abyssinica ,Hochst. ex A.Rich.,,
19349293,Ferula communis,Ferula  anatriches  (Kotschy) Sint.,Ferula ,anatriches ,(Kotschy) Sint.,,
19349293,Ferula communis,Ferula  brevifolia  Link ex Schult.,Ferula ,brevifolia ,Link ex Schult.,,
19349293,Ferula communis,Ferula  communis var. anatriches  Kotschy,Ferula ,communis var. anatriches ,Kotschy,,
19349293,Ferula communis,Ferula   communis ssp. communis L. ,Ferula  ,communis,,subspecies,L. 
19349293,Ferula communis,Ferula   communis var. intermedia Elalaoui & Cauwet-Marc,Ferula  ,communis,,variety,Elalaoui & Cauwet-Marc
19349293,Ferula communis,Ferula  communis  ssp. sousseensis Elalaoui & Cauwet-Marc,Ferula ,communis ,,subspecies,Elalaoui & Cauwet-Marc
19349293,Ferula communis,Ferula  ferulago  L.,Ferula ,ferulago ,L.,,
19349293,Ferula communis,Ferula   communis ssp. brevifolia (Link ex Schult.) Dobignard,Ferula  ,communis,,subspecies,(Link ex Schult.) Dobignard
19349293,Ferula communis,Ferula  communis  ssp. linkii  (Webb) Reduron & Dobignard,Ferula ,communis ,,subspecies,(Webb) Reduron & Dobignard
53785726,Aristolochia paucinervis,Aristolochia   longa var. parviflora Maire & Weiller ,Aristolochia  ,longa,,variety,Maire & Weiller 
53785726,Aristolochia paucinervis,Aristolochia  longa  var. pseudorotunda Maire ,Aristolochia ,longa ,,variety,Maire 
53785726,Aristolochia paucinervis,Aristolochia  pallida  auct. non Willd.,Aristolochia ,pallida ,auct. non Willd.,,
53785726,Aristolochia paucinervis,Aristolochia  longa subsp. paucinervis  (Pomel) Batt. ,Aristolochia ,longa,,subspecies (plantae),(Pomel) Batt. 
62041221,Citrus medica,Citrus balotina Poit. & Turpin,Citrus,balotina,Poit. & Turpin,,
62041221,Citrus medica,Citrus bicolor Poit. & Turpin,Citrus,bicolor,Poit. & Turpin,,
62041221,Citrus medica,Citrus bigena Poit. & Turpin,Citrus,bigena,Poit. & Turpin,,
62041221,Citrus medica,Citrus cedra Link,Citrus,cedra,Link,,
62041221,Citrus medica,Citrus cedrata Raf.,Citrus,cedrata,Raf.,,
62041221,Citrus medica,Citrus crassa Hassk.,Citrus,crassa,Hassk.,,
62041221,Citrus medica,Citrus fragrans Salisb.,Citrus,fragrans,Salisb.,,
62041221,Citrus medica,Citrus gongra Raf.,Citrus,gongra,Raf.,,
62041221,Citrus medica,Citrus hirioshimana Yu.Tanaka,Citrus,hirioshimana,Yu.Tanaka,,
62041221,Citrus medica,Citrus kizu Yu.Tanaka,Citrus,kizu,Yu.Tanaka,,
62041221,Citrus medica,Citrus kwangsiensis Hu,Citrus,kwangsiensis,Hu,,
62041221,Citrus medica,Citrus limonimedica Lush.,Citrus,limonimedica,Lush.,,
62041221,Citrus medica,Citrus lumia Risso,Citrus,lumia,Risso,,
62041221,Citrus medica,Citrus nana (Wester) Yu.Tanaka,Citrus,nana,(Wester) Yu.Tanaka,,
62041221,Citrus medica,Citrus sarcodactylis Hoola van Nooten,Citrus,sarcodactylis,Hoola van Nooten,,
62041221,Citrus medica,Citrus tuberosa Mill.,Citrus,tuberosa,Mill.,,
62041221,Citrus medica,Limon racemosum Mill.,Limon,racemosum,Mill.,,
62041221,Citrus medica,Limon spinosum Mill.,Limon,spinosum,Mill.,,
62041221,Citrus medica,Limon vulgare Mill.,Limon,vulgare,Mill.,,
62041221,Citrus medica,Citrus pyriformis Hassk.,Citrus,pyriformis,Hassk.,,
62041221,Citrus medica,Citrus alata (Yu.Tanaka) Yu.Tanaka,Citrus,alata,(Yu.Tanaka) Yu.Tanaka,,
62041221,Citrus medica,Citrus hassaku Yu.Tanaka,Citrus,hassaku,Yu.Tanaka,,
62041221,Citrus medica,Citrus grandis (L.) Osbeck var. pyriformis (Haask.) Karaya,Citrus,grandis,(L.) Osbeck,variety,(Haask.) Karaya
62857,Prunus lusitanica,Cerasus lusitanica (L.) Dum. Cours.,Cerasus,lusitanica,(L.) Dum. Cours.,,
62857,Prunus lusitanica,Laurocerasus lusitanica (L.) M. Roem.,Laurocerasus,lusitanica,(L.) M. Roem.,,
62857,Prunus lusitanica,Padus lusitanica (L.) Mill.,Padus,lusitanica,(L.) Mill.,,
62857,Prunus lusitanica,Laurocerasus multiglandulosa (Cav.) M. Roem.,Laurocerasus,multiglandulosa,(Cav.) M. Roem.,,
62857,Prunus lusitanica,Prunus multiglandulosa Cav.,Prunus,multiglandulosa,Cav.,,
167871,Hydrilla verticillata,Serpicula verticillata L.f.,Serpicula,verticillata,L.f.,,
164157,Cladium mariscus,Mariscus serratus Gilib.,Mariscus,serratus,Gilib.,,
164157,Cladium mariscus,Schoenus mariscus L.,Schoenus,mariscus,L.,,
164157,Cladium mariscus,Mariscus mariscus (L.) Borbás,Mariscus,mariscus,(L.) Borbás,,
164223,Juncus effusus,Juncus fistulosus Guss.,Juncus,fistulosus,Guss.,,
164223,Juncus effusus,Juncus expansus Jan,Juncus,expansus,Jan,,
164223,Juncus effusus,Juncus canariensis Willd.,Juncus,canariensis,Willd.,,
164223,Juncus effusus,Juncus communis E.Mey.,Juncus,communis,E.Mey.,,
164223,Juncus effusus,Juncus pylaei Laharpe,Juncus,pylaei,Laharpe,,
16896334,Cycloptiloides canariensis,"Ectatoderus canariensis Bolívar, 1914",Ectatoderus,canariensis,"Bolívar, 1914",,
164082,Adiantum capillus-veneris,Adiantum pseudocapillus Fee,Adiantum,pseudocapillus,Fee,,
164082,Adiantum capillus-veneris,Adiantum trifidum C.Bolle,Adiantum,trifidum,C.Bolle,,
164082,Adiantum capillus-veneris,Adiantum capillus Sw.,Adiantum,capillus,Sw.,,
164082,Adiantum capillus-veneris,Adiantum marginatum Schrad.,Adiantum,marginatum,Schrad.,,
164082,Adiantum capillus-veneris,Adiantum coriandrifolium Lam.,Adiantum,coriandrifolium,Lam.,,
164082,Adiantum capillus-veneris,Adiantum fontanum Salisb.,Adiantum,fontanum,Salisb.,,
164082,Adiantum capillus-veneris,Adiantum paradiseae Baker,Adiantum,paradiseae,Baker,,
164272,Brachiaria mutica,Brachiaria numidiana (Lam.) Henrard,Brachiaria,numidiana,(Lam.) Henrard,,
164272,Brachiaria mutica,Panicum purpuracens Raddi,Panicum,purpuracens,Raddi,,
164272,Brachiaria mutica,Panicum numidianum Lam.,Panicum,numidianum,Lam.,,
164272,Brachiaria mutica,Urochloa mutica (Forssk.) T.Q.Nguyen,Urochloa,mutica,(Forssk.) T.Q.Nguyen,,
164272,Brachiaria mutica,Brachiaria purpurascens (Raddi) Henrard,Brachiaria,purpurascens,(Raddi) Henrard,,
164272,Brachiaria mutica,Panicum muticum Forssk.,Panicum,muticum,Forssk.,,
164227,Potamogeton nodosus,Potamogeton  leschenaultii Cham. & Schltdl.,Potamogeton ,leschenaultii,Cham. & Schltdl.,,
164227,Potamogeton nodosus,Potamogeton canariensis Link,Potamogeton,canariensis,Link,,
164227,Potamogeton nodosus,Potomogeton thunberguii Cham. & Schltdl,Potomogeton,thunberguii,Cham. & Schltdl,,
203464,Populus alba,Populus  major  Mill.,Populus ,major ,Mill.	,,
164329,Juncus acutus,Juncus multibracteatus Tineo,Juncus,multibracteatus,Tineo,,
164329,Juncus acutus,Juncus spinosus Forssk.,Juncus,spinosus,Forssk.,,
164329,Juncus acutus,Juncus karelinii Steud.,Juncus,karelinii,Steud.,,
19218731,Ulmus minor,Ulmus suberosa Moench,Ulmus,suberosa,Moench,,
19218731,Ulmus minor,Ulmus angustifolia (Weston) Weston,Ulmus,angustifolia,(Weston) Weston,,
19218731,Ulmus minor,Ulmus araxina Takht,Ulmus,araxina,Takht,,
19218731,Ulmus minor,Ulmus diversifolia Melville,Ulmus,diversifolia,Melville,,
19218731,Ulmus minor,Ulmus foliacea Gilib.,Ulmus,foliacea,Gilib.,,
19218731,Ulmus minor,Ulmus fungosa (Aiton) Dum.Cours.,Ulmus,fungosa,(Aiton) Dum.Cours.,,
19218731,Ulmus minor,Ulmus georgica Schchian,Ulmus,georgica,Schchian,,
19218731,Ulmus minor,Ulmus grossheimii Takht.,Ulmus,grossheimii,Takht.,,
19218731,Ulmus minor,Ulmus procera Salisb.,Ulmus,procera,Salisb.,,
19218731,Ulmus minor,Ulmus reticuata Dumort.,Ulmus,reticuata,Dumort.,,
19218731,Ulmus minor,Ulmus rotundifolia Carrière,Ulmus,rotundifolia,Carrière,,
19218731,Ulmus minor,Ulmus sarniensis (Loudon) H.H.Bancr.,Ulmus,sarniensis,(Loudon) H.H.Bancr.,,
19218731,Ulmus minor,Ulmus sativa Mill.,Ulmus,sativa,Mill.,,
19218731,Ulmus minor,Ulmus uzbekistanica Drobow,Ulmus,uzbekistanica,Drobow,,
19218731,Ulmus minor,Ulmus wheatleyi (Simon-Louis) Druce,Ulmus,wheatleyi,(Simon-Louis) Druce,,
19218731,Ulmus minor,Ulmus wyssotzkyi Kotov,Ulmus,wyssotzkyi,Kotov,,
19218731,Ulmus minor,Ulmus plotii Druce,Ulmus,plotii,Druce,,
19218731,Ulmus minor,Ulmus campestris L. subsp. amplifolia Dippel,Ulmus,campestris,L.,subspecies (plantae),Dippel
19218731,Ulmus minor,Ulmus campestris L. subsp. vulgaris (Aiton) Dippel,Ulmus,campestris,L.,subspecies (plantae),(Aiton) Dippel
59811,Anax ephippiger,"Anax senegalensis Rambur, 1842",Anax,senegalensis,"Rambur, 1842",,
59811,Anax ephippiger,"Aeshna mediterranea Selys, 1839",Aeshna,mediterranea,"Selys, 1839",,
59811,Anax ephippiger,"Anax marginope Baijal & Agarwal, 1955",Anax,marginope,"Baijal & Agarwal, 1955",,
59811,Anax ephippiger,"Hemianax ephippiger (Burmeister, 1839)",Hemianax,ephippiger,"(Burmeister, 1839)",,
59811,Anax ephippiger,"Aeschna ephippigera Burmeister, 1839",Aeschna,ephippigera,"Burmeister, 1839",,
59812,Anax imperator,"Anax formosa Vander Linden, 1823",Anax,formosa,"Vander Linden, 1823",,
59812,Anax imperator,"Anax mauricianus Rambur, 1842",Anax,mauricianus,"Rambur, 1842",,"Rambur, 1842"
59812,Anax imperator,"Aeschna azurea Charpentier, 1825",Aeschna,azurea,"Charpentier, 1825",,
59812,Anax imperator,"Aeschna lunata Kolenati, 1856",Aeschna,lunata,"Kolenati, 1856",,
165488,Anax parthenope,"Aeschna parthenope Selys, 1839",Aeschna,parthenope,"Selys, 1839",,
15038705,Calliptamus plebeius,"Caloptenus vulcanicus Krauss, 1892",Caloptenus,vulcanicus,"Krauss, 1892",,
15038705,Calliptamus plebeius," Heteracris  plebeia  Walker, F., 1870", Heteracris ,plebeia ,"Walker, F., 1870",,
16084450,Omocestus simonyi,"Stenobothrus  simonyi  Krauss, 1892 ",Stenobothrus ,simonyi ,"Krauss, 1892 ",,
16084509,Sphingonotus guanchus,"Wernerella  guancha  Johnsen, 1985 ",Wernerella ,guancha ,"Johnsen, 1985 ",,
16084573,Sphingonotus pachecoi,"Fortunata  pachecoi  Bolívar, I., 1908 ",Fortunata ,pachecoi ,"Bolívar, I., 1908 ",,
16084409,Sphingonotus picteti,"Thalpomena picteti  Krauss, 1892",Thalpomena,picteti ,"Krauss, 1892",,
16084496,Sphingonotus rugosus,"Wernerella  rugosa  Bland & Gangwere, 1998",Wernerella ,rugosa ,"Bland & Gangwere, 1998",,
16084531,Sphingonotus sublaevis,"Sphingonotus freyi Uvarov, 1948",Sphingonotus,freyi,"Uvarov, 1948",,
16084531,Sphingonotus sublaevis,"Fortunata  sublaevis  Bolívar, I., 1908",Fortunata ,sublaevis ,"Bolívar, I., 1908",,
16084556,Sphingonotus willemsei,"Sphingonotus teydei Uvarov, 1948",Sphingonotus,teydei,"Uvarov, 1948",,
16896690,Acrostira bellamyi,"Orchamus bellamyi Uvarov, 1922",Orchamus,bellamyi,"Uvarov, 1922",,
16895612,Calliphona koenigi,"Calliphona königii Krauss, 1892 [orth. error]",Calliphona,königii,"Krauss, 1892 [orth. error]",,
16895402,Canariola nubigena,"Orophila nubigena Krauss, 1892",Orophila,nubigena,"Krauss, 1892",,
176599,Medicago littoralis,Medicago arenaria Ten.,Medicago,arenaria,Ten.,,
176599,Medicago littoralis,Medicago cylindracea DC.,Medicago,cylindracea,DC.,,
176599,Medicago littoralis,Medicago subinermis Bertol.,Medicago,subinermis,Bertol.,,
176599,Medicago littoralis,Medicago tricycla DC.,Medicago,tricycla,DC.,,
59897,Ischnura senegalensis,"Enallagma brevispina Selys, 1876",Enallagma,brevispina,"Selys, 1876",,
59897,Ischnura senegalensis,"Agrion senegalense Rambur, 1842",Agrion,senegalense,"Rambur, 1842",,
79728152,Kleinia neriifolia,Senecio kleinia (L.) Less.,Senecio,kleinia,(L.) Less.,,
79728152,Kleinia neriifolia,Cacalia kleinia L.,Cacalia,kleinia,L.,,
37669,Heberdenia excelsa,Ardisia bahamensis (Gaertn.) DC.,Ardisia,bahamensis,(Gaertn.) DC.,,
37669,Heberdenia excelsa,Heberdenia bahamensis (Gaertn.) Sprague,Heberdenia,bahamensis,(Gaertn.) Sprague,,
37669,Heberdenia excelsa,Ardisia excelsa Aiton,Ardisia,excelsa,Aiton,,
79722994,Adenocarpus foliolosus,Cytisus foliolosus Aiton,Cytisus,foliolosus,Aiton,,
30322,Arbutus canariensis,Arbutus callicarpa Buch,Arbutus,callicarpa,Buch,,
30322,Arbutus canariensis,Arbutus procera Aiton,Arbutus,procera,Aiton,,
85519948,Morella faya,Myrica faya Aiton,Myrica,faya,Aiton,,
85519948,Morella faya,Faya fragifera Webb & Berthel.,Faya,fragifera,Webb & Berthel.,,
62567,Apollonias barbujana,Laurus barbujana Cav.,Laurus,barbujana,Cav.,,
62382,Ilex perado,Ilex maderensis Lam.,Ilex,maderensis,Lam.,,
37673,Maytenus canariensis,Gymnosporia cassinoides (L'Hér.) Masf.,Gymnosporia,cassinoides,(L'Hér.) Masf.,,
30328,Ocotea foetens,Keiria lutea Bowdich,Keiria,lutea,Bowdich,,
30328,Ocotea foetens,Laurus foetens Aiton,Laurus,foetens,Aiton,,
30331,Picconia excelsa,Olea excelsa Sol.,Olea,excelsa,Sol.,,
83468031,Asplenium anceps,Asplenium trichomanes L. var. anceps (Hook. & Grev.) Milde,Asplenium,trichomanes,L.,variety,(Hook. & Grev.) Milde
83468188,Asplenium aureum,Asplenium latifolium Bory,Asplenium,latifolium,Bory,,
83468188,Asplenium aureum,Ceterach officinarum L. var. aureum (Cav.) Menezes,Ceterach,officinarum,L.,variety,(Cav.) Menezes
83468188,Asplenium aureum,Ceterach aureum (Cav.) L.v.Buch,Ceterach,aureum,(Cav.) L.v.Buch,,
83468188,Asplenium aureum,Ceterach canariensis Willd.,Ceterach,canariensis,Willd.,,
83474922,Asplenium lolegnamense,Ceterach lolegnamense Gibby & Lovis,Ceterach,lolegnamense,Gibby & Lovis,,
59859,Crocothemis erythraea,"Libellula erythraea Brullé, 1832",Libellula,erythraea,"Brullé, 1832",,
59954,Orthetrum chrysostigma,"Orthetrum chrysostigma Burmeister, 1839",Orthetrum,chrysostigma,"Burmeister, 1839",,
59954,Orthetrum chrysostigma,"Libellula barbara Selys, 1849",Libellula,barbara,"Selys, 1849",,
59965,Orthetrum trinacria,"Orthetrum trinacria  Selys, 1841",Orthetrum,trinacria ,"Selys, 1841",,
60052,Trithemis annulata,"Trithemis annulata Palisot de Beauvois, 1807",Trithemis,annulata,"Palisot de Beauvois, 1807",,
60052,Trithemis annulata,"Trithemis annulata ssp. haematina (Rambur, 1842)",Trithemis,annulata,,subspecies,"(Rambur, 1842)"
60052,Trithemis annulata,"Libellula haematina Rambur, 1842",Libellula,haematina,"Rambur, 1842",,
60053,Trithemis arteriosa,"Trithemis arteriosa Burmeister, 1839",Trithemis,arteriosa,"Burmeister, 1839",,
60053,Trithemis arteriosa,"Libellula conjuncta Selys, 1849",Libellula,conjuncta,"Selys, 1849",,
60053,Trithemis arteriosa,"Libellula distincta Rambur, 1842",Libellula,distincta,"Rambur, 1842",,
60053,Trithemis arteriosa,"Trithemis jacksoni Pinhey, 1970",Trithemis,jacksoni,"Pinhey, 1970",,
60053,Trithemis arteriosa,"Trithemis stuhlmanni Gerstacker, 1891",Trithemis,stuhlmanni,"Gerstacker, 1891",,
60053,Trithemis arteriosa,"Libellula rubella Brullé, 1844",Libellula,rubella,"Brullé, 1844",,
60053,Trithemis arteriosa,"Trithemis stuhlmanni Gerstäcker, 1891",Trithemis,stuhlmanni,"Gerstäcker, 1891",,
60078,Zygonyx torridus,"Pseudomacromia atlantica Martin, 1900",Pseudomacromia,atlantica,"Martin, 1900",,
60078,Zygonyx torridus,"Zygonyx torrida (Kirby, 1889) [orth. error]",Zygonyx,torrida,"(Kirby, 1889) [orth. error]",,
60078,Zygonyx torridus,"Zygonyx torridus (Kirby, 1899) ssp. insulanus Pinhey, 1981",Zygonyx,torridus,"(Kirby, 1899)",subspecies,"Pinhey, 1981"
60078,Zygonyx torridus,"Zygonyx torridus (Kirbyi, 1899) ssp. isis Fraser, 1924",Zygonyx,torridus,"(Kirbyi, 1899)",subspecies,"Fraser, 1924"
60078,Zygonyx torridus,"Pseudomacromia torrida Kirby, 1889",Pseudomacromia,torrida,"Kirby, 1889",,
203497,Tribulus terrestris,Hedysarum uniflorum Lapeyr.,Hedysarum,uniflorum,Lapeyr.,,
203497,Tribulus terrestris,Tribulus acanthococcus F.Muell.,Tribulus,acanthococcus,F.Muell.,,
203497,Tribulus terrestris,Tribulus albus Poir.,Tribulus,albus,Poir.,,
203497,Tribulus terrestris,Tribulus gussonei Tod. & Pirain. ex Parl.,Tribulus,gussonei,Tod. & Pirain. ex Parl.,,
203497,Tribulus terrestris,Tribulus hispidus C.Presl,Tribulus,hispidus,C.Presl,,
203497,Tribulus terrestris,Tribulus humifusus Schumach. & Thonn.,Tribulus,humifusus,Schumach. & Thonn.,,
203497,Tribulus terrestris,Tribulus kotschyanus Boiss.,Tribulus,kotschyanus,Boiss.,,
203497,Tribulus terrestris,Tribulus lanuginosus L.,Tribulus,lanuginosus,L.,,
203497,Tribulus terrestris,Tribulus micans Welw.,Tribulus,micans,Welw.,,
203497,Tribulus terrestris,Tribulus murex C.Presl,Tribulus,murex,C.Presl,,
203497,Tribulus terrestris,Tribulus muricatus Stokes,Tribulus,muricatus,Stokes,,
203497,Tribulus terrestris,Tribulus robustus Boiss. & Noë,Tribulus,robustus,Boiss. & Noë,,
203497,Tribulus terrestris,Tribulus terrestris var. macrocarpus Rouy,Tribulus,terrestris,,variety,Rouy
203497,Tribulus terrestris,Tribulus maximus var. roseus Kuntze,Tribulus,maximus,,variety,Kuntze
203497,Tribulus terrestris,Tribulus orientalis A.Kern.,Tribulus,orientalis,A.Kern.,,
83774038,Sideritis barbellata,Leucophae barbellata (Mend.-Heuer) G.Kunkel,Leucophae,barbellata,(Mend.-Heuer) G.Kunkel,,
83649274,Dryopteris oligodonta,Aspidium oligodonton Desv.,Aspidium,oligodonton,Desv.,,
83649274,Dryopteris oligodonta,Dryopteris oligantha (Desv.) C.Chr.,Dryopteris,oligantha,(Desv.) C.Chr.,,
83649274,Dryopteris oligodonta,Aspidium canariense A.Braun,Aspidium,canariense,A.Braun,,
162293,Culcita macrocarpa,Balantium culcita (L'Hér.) Kaulf.,Balantium,culcita,(L'Hér.) Kaulf.,,
162293,Culcita macrocarpa,Dicksonia culcita L'Hér.,Dicksonia,culcita,L'Hér.,,
162169,Trichomanes speciosum,Vandenboschia speciosa (Willd.) G.Kunkel,Vandenboschia,speciosa,(Willd.) G.Kunkel,,
83651176,Allosorus fragilis,Cheilanthes pulchella Willd.,Cheilanthes,pulchella,Willd.,,
164191,Pteris incompleta,Pteris palustris Poir.,Pteris,palustris,Poir.,,
164191,Pteris incompleta,Pteris arguta Aiton,Pteris,arguta,Aiton,,
164191,Pteris incompleta,Pteris serrulata Forssk.,Pteris,serrulata,Forssk.,,
22680313,Spatula querquedula,"Anas querquedula Linnaeus, 1758",Anas,querquedula,"Linnaeus, 1758",,
22680149,Mareca strepera,"Anas strepera Linnaeus, 1758",Anas,strepera,"Linnaeus, 1758",,
86124273,Malva canariensis,Malva acerifolia (Cav.) Alef.,Malva,acerifolia,(Cav.) Alef.,,
86124273,Malva canariensis,Lavatera acerifolia Cav.,Lavatera,acerifolia,Cav.,,
19891755,Ulex europaeus,Ulex major Thore,Ulex,major,Thore,,
19891755,Ulex europaeus,Ulex opistholepis Webb,Ulex,opistholepis,Webb,,
19891755,Ulex europaeus,Ulex strictus J.Mackay,Ulex,strictus,J.Mackay,,
19891755,Ulex europaeus,Ulex armoricanus Mabille,Ulex,armoricanus,Mabille,,
19891755,Ulex europaeus,Ulex hibernicus G.Don,Ulex,hibernicus,G.Don,,
19891755,Ulex europaeus,Ulex vernalis Thore,Ulex,vernalis,Thore,,
19891755,Ulex europaeus,Ulex europaea L.,Ulex,europaea,L.,,
19891755,Ulex europaeus,Ulex compositus Moench,Ulex,compositus,Moench,,
19891755,Ulex europaeus,Ulex floridus Salisb.,Ulex,floridus,Salisb.,,
83764446,Hypericum canariense,Hypericum floribundum Aiton,Hypericum,floribundum,Aiton,,
83764446,Hypericum canariense,Webbia canariensis (L.) Webb & Berthel.,Webbia,canariensis,(L.) Webb & Berthel.,,
86803993,Arhopalus pinetorum,"Criocephalus pinetorum Wollaston, 1863",Criocephalus,pinetorum,"Wollaston, 1863",,
86860058,Nacerdochroa concolor,"Alloxantha hierrensis Franz, 1985",Alloxantha,hierrensis,"Franz, 1985",,
86860058,Nacerdochroa concolor,"Holoxantha concolor (Brullé, 1839)",Holoxantha,concolor,"(Brullé, 1839)",,
86860058,Nacerdochroa concolor,"Ditylus concolor Brullé, 1839",Ditylus,concolor,"Brullé, 1839",,
86884413,Pelleas crotchii,"Tenebrio crotchii Wollaston, 1865",Tenebrio,crotchii,"Wollaston, 1865",,
22710881,Pastor roseus,"Sturnus roseus (Linnaeus, 1758)",Sturnus,roseus,"(Linnaeus, 1758)",,
61684,Sambucus nigra,Sambucus palmensis Link,Sambucus,palmensis,Link,,
202991,Silybum marianum,Carduus marianus L.,Carduus,marianus,L.,,
202991,Silybum marianum,Carduus lactifolius Stokes,Carduus,lactifolius,Stokes,,
202991,Silybum marianum,Carduus  mariae Crantz,Carduus ,mariae,Crantz,,
202991,Silybum marianum,Carduus versicolor Salisb.,Carduus,versicolor,Salisb.,,
202991,Silybum marianum,Carthamus maculatus (Scop.) Lam.,Carthamus,maculatus,(Scop.) Lam.,,
202991,Silybum marianum,Centaurea dalmatica Fraas,Centaurea,dalmatica,Fraas,,
202991,Silybum marianum,Mariacantha maculosa Bubani,Mariacantha,maculosa,Bubani,,
202991,Silybum marianum,Cirsium maculatum Scop.,Cirsium,maculatum,Scop.,,
202991,Silybum marianum,Mariana lactea Hill,Mariana,lactea,Hill,,
202991,Silybum marianum,Mariana mariana Hill,Mariana,mariana,Hill,,
202991,Silybum marianum,Silybum intermedium Willk.,Silybum,intermedium,Willk.,,
202991,Silybum marianum,Silybum leucanthum Jord. & Fourr.,Silybum,leucanthum,Jord. & Fourr.,,
202991,Silybum marianum,Silybum maculatum (Scop.) Moench,Silybum,maculatum,(Scop.) Moench,,
202991,Silybum marianum,Silybum mariae (Crantz) Gray,Silybum,mariae,(Crantz) Gray,,
202991,Silybum marianum,Silybum pygmaeum Cass.,Silybum,pygmaeum,Cass.,,
88793825,Stictoleptura palmi,"Leptura palmi Demelt, 1971",Leptura,palmi,"Demelt, 1971",,
22697327,Ixobrychus sturmii,Ardeirallus sturmii sturmii Cramp and Simmons (1977-1994),Ardeirallus sturmii,sturmii,Cramp and Simmons (1977-1994),,
164133,Zannichellia palustris,Pelta palustris (L.) Dulac,Pelta,palustris,(L.) Dulac,,
164522,Paspalidium geminatum,Panicum paspalodes Pers.,Panicum,paspalodes,Pers.,,
164522,Paspalidium geminatum,Panicum fluitans Retz.,Panicum,fluitans,Retz.,,
164522,Paspalidium geminatum,Panicum brizoides Lam.,Panicum,brizoides,Lam.,,
164522,Paspalidium geminatum,Setaria geminata (Forssk.) Veldkamp,Setaria,geminata,(Forssk.) Veldkamp,,
164522,Paspalidium geminatum,Panicum geminatum Forssk.,Panicum,geminatum,Forssk.,,
99556169,Sideroxylon canariense,"Sideroxylon canariensis T.Leyens, W.Lobin & A.Santos",Sideroxylon,canariensis,"T.Leyens, W.Lobin & A.Santos ",,
37665,Pleiomeris canariensis,Myrsine canariensis (Willd.) Spreng.,Myrsine,canariensis,(Willd.) Spreng.,,
37665,Pleiomeris canariensis,Scleroxylon canariense Willd.,Scleroxylon,canariense,Willd.,,
73094135,Cytisus proliferus,Chamaecytisus proliferus (L.f.) Link,Chamaecytisus,proliferus,(L.f.) Link,,
73094135,Cytisus proliferus,Chamaecytisus proliferus subsp. meridionalis Acebes,Chamaecytisus,proliferus,,subspecies (plantae),Acebes
101608332,Cytisus supranubius,Cytisus fragrans Lam.,Cytisus,fragrans,Lam.,,
101608332,Cytisus supranubius,Cytisus nubigenus (L'Her.) Link,Cytisus,nubigenus,(L'Her.) Link,,
101608332,Cytisus supranubius,Spartocytisus nubigenus Webb & Berthel.,Spartocytisus,nubigenus,Webb & Berthel.,,
101608332,Cytisus supranubius,Spartocytisus supranubius (L.f.) Christ ex G.Kunkel,Spartocytisus,supranubius,(L.f.) Christ ex G.Kunkel,,
38393,Salix canariensis,Salix pedicellata Desf. subsp. canariensis (Link) A.K.Skvortsov,Salix,pedicellata,Desf.,subspecies (plantae),(Link) A.K.Skvortsov
30329,Persea indica,Laurus indica L.,Laurus,indica,L.,,
30329,Persea indica,Borbonia indica J.Presl,Borbonia,indica,J.Presl,,
102795325,Schizogyne sericea,Chrysocoma sericea L.f.,Chrysocoma,sericea,L.f.,,
102818634,Euphorbia mellifera,Euphorbia mellifera Aiton var. canariensis Boiss.,Euphorbia,mellifera,Aiton,variety,Boiss.
102818794,Globularia salicina,Globularia longifolia Aiton,Globularia,longifolia,Aiton,,
102818794,Globularia salicina,Lytanthus salicinus (Lam.) Wettst.,Lytanthus,salicinus,(Lam.) Wettst.,,
30334,Rhamnus integrifolia,Rhamnus coriacea Buch,Rhamnus,coriacea,Buch,,
103686613,Cneorum pulverulentum,Chamaelea pulverulenta (Vent.) Tiegh.,Chamaelea,pulverulenta,(Vent.) Tiegh.,,
103686613,Cneorum pulverulentum,Neochamaelea pulverulenta (Vent.) Erdtman,Neochamaelea,pulverulenta,(Vent.) Erdtman,,
104182492,Carlina salicifolia,Carlina falcata Svent.,Carlina,falcata,Svent.,,
104182492,Carlina salicifolia,Carthamus salicifolius L.f.,Carthamus,salicifolius,L.f.,,
104182492,Carlina salicifolia,Carlowizia salicifolia (L.f.) Moench,Carlowizia,salicifolia,(L.f.) Moench,,
104182492,Carlina salicifolia,Carlina salicifolia (L.f.) Cav. var. inermis Lowe,Carlina,salicifolia,(L.f.) Cav.,variety,Lowe
104185163,Plantago arborescens,Psyllium arborescens (Poir.) Mirb.,Psyllium,arborescens,(Poir.) Mirb.,,
104190621,Bencomia caudata,Poterium caudatum Aiton,Poterium,caudatum,Aiton,,
104191153,Marcetella moquiniana,Bencomia moquiniana Webb & Berthel.,Bencomia,moquiniana,Webb & Berthel.,,
104191153,Marcetella moquiniana,Sanguisorba moquiniana (Webb & Berthel.) Nordborg,Sanguisorba,moquiniana,(Webb & Berthel.) Nordborg,,
104191669,Plocama pendula,Bartlingia scoparia Rchb.,Bartlingia,scoparia,Rchb.,,
68378608,Eumodicogryllus bordigalensis,"Gryllus bordigalensis Latreille, 1804",Gryllus,bordigalensis,"Latreille, 1804",,
68378608,Eumodicogryllus bordigalensis,"Gryllus arvensis Rambur, 1838",Gryllus,arvensis,"Rambur, 1838",,
68378608,Eumodicogryllus bordigalensis,"Gryllus cerisyi Serville, 1838",Gryllus,cerisyi,"Serville, 1838",,
68378608,Eumodicogryllus bordigalensis,"Acheta chinensis Weber, 1801",Acheta,chinensis,"Weber, 1801",,
68378608,Eumodicogryllus bordigalensis,"Gryllus cinereus Costa, 1852",Gryllus,cinereus,"Costa, 1852",,
68378608,Eumodicogryllus bordigalensis,"Gryllus eversmanni Jakovlev, 1871",Gryllus,eversmanni,"Jakovlev, 1871",,
68378608,Eumodicogryllus bordigalensis,"Gryllodes ferdinandi Bolívar, 1899",Gryllodes,ferdinandi,"Bolívar, 1899",,
68378608,Eumodicogryllus bordigalensis,"Gryllus geminus Serville, 1838",Gryllus,geminus,"Serville, 1838",,
68378608,Eumodicogryllus bordigalensis,"Gryllus hygrophilus Krauss, 1902",Gryllus,hygrophilus,"Krauss, 1902",,
68378608,Eumodicogryllus bordigalensis,"Gryllus marginatus Eversmann, 1859",Gryllus,marginatus,"Eversmann, 1859",,
68378608,Eumodicogryllus bordigalensis,"Gryllus pygmaeus Walker, 1869",Gryllus,pygmaeus,"Walker, 1869",,
19218728,Celtis australis,Celtis  excelsa  Salisb.,Celtis ,excelsa ,Salisb.,,
73094040,Erica arborea,Arsace arborea Fourr.,Arsace,arborea,Fourr.,,
31361,Morella rivas-martinezii,Myrica rivas-martinezii A.Santos,Myrica,rivas-martinezii,A.Santos,,
110626455,Dendriopoterium menendezii,Sanguisorba menendezii (Svent.) Nordborg,Sanguisorba,menendezii,(Svent.) Nordborg,,
110627649,Genista canariensis,Cytisus canariensis (L.) Kuntze,Cytisus,canariensis,(L.) Kuntze,,
110627649,Genista canariensis,Teline canariensis (L.) Webb & Berthel.,Teline,canariensis,(L.) Webb & Berthel.,,
110688013,Aloe arborescens,Aloe perfoliata L. var. arborescens (Mill.) Aiton,Aloe,perfoliata,L.,variety,(Mill.) Aiton
110688013,Aloe arborescens,Catevala arborescens (Mill.) Medik.,Catevala,arborescens,(Mill.) Medik.,,
22680157,Mareca penelope,"Anas penelope Linnaeus, 1758",Anas,penelope,"Linnaeus, 1758",,
62861,Sorbus aria,Sorbus huljakii Kárpáti,Sorbus,huljakii,Kárpáti,,
62861,Sorbus aria,Crataegus aria L.,Crataegus,aria,L.,,
62861,Sorbus aria,Malus aria (L.) Risso,Malus,aria,(L.) Risso,,
62861,Sorbus aria,Pyrus aria (L.) Ehrh.,Pyrus,aria,(L.) Ehrh.,,
62861,Sorbus aria,Azarolus aria (L.) Borkh.,Azarolus,aria,(L.) Borkh.,,
63485,Rhus coriaria,Toxicodendron coriaria (L.) Kuntze,Toxicodendron,coriaria,(L.) Kuntze,,
61686,Echium decaisnei,Echium decaisnei Webb & Berthel. subsp. decaisnei,Echium,decaisnei,Webb & Berthel.,subspecies (plantae),
61686,Echium decaisnei,Echium decaisnei  Webb & Berthel. subsp. purpuriense Bramwell,Echium,decaisnei, Webb & Berthel.,subspecies (plantae),Bramwell
61686,Echium decaisnei,Echium famarae Lems & Holzapfel.,Echium,famarae,Lems & Holzapfel.,,
165129,Genista benehoavensis,Convolvulus benehoavensis Bolle,Convolvulus,benehoavensis,Bolle,,
165129,Genista benehoavensis,Cytisus benehoavensis (Bolle) Svent.,Cytisus,benehoavensis,(Bolle) Svent.,,
165129,Genista benehoavensis,Teline benehoavensis (Bolle ex Svent.) A.Santos,Teline,benehoavensis,(Bolle ex Svent.) A.Santos,,
19365844,Pistacia atlantica,Pistacia atlantica Desf. subsp. cypricola H.Lindb.,Pistacia,atlantica,Desf.,subspecies (plantae),H.Lindb.
19365844,Pistacia atlantica,Pistacia atlantica Desf. subsp. mutica (Fisch. & C.A.Mey.) Rech. f.,Pistacia,atlantica,Desf.,subspecies (plantae),(Fisch. & C.A.Mey.) Rech. f.
19365844,Pistacia atlantica,Terebinthus atlanticus  (Desf.) Dum.Cours.,Terebinthus,atlanticus ,(Desf.) Dum.Cours.,,
19365844,Pistacia atlantica,Pistacia mutica Fisch. & C.A.Mey.,Pistacia,mutica,Fisch. & C.A.Mey.,,
19365844,Pistacia atlantica,Pistacia atlantica Desf. var. mutica Rech. f.,Pistacia,atlantica,Desf.,variety,Rech. f.
30394,Dracaena draco,Yucca draco (L.) Carrière,Yucca,draco,(L.) Carrière,,
30394,Dracaena draco,Palma draco (L.) Mill.,Palma,draco,(L.) Mill.,,
30394,Dracaena draco,Asparagus draco L.,Asparagus,draco,L.,,
172076,Daucus aureus,Daucus parviflorus Willk. ex Loscos & Pardo,Daucus,parviflorus,Willk. ex Loscos & Pardo,,
172076,Daucus aureus,Daucus aureus Desf. var. subinermis Zohary,Daucus,aureus,Desf.,variety,Zohary
172076,Daucus aureus,Platyspermum aureum (Desf.) Pomel,Platyspermum,aureum,(Desf.) Pomel,,
172076,Daucus aureus,Peltactila aurea (Desf.) Raf.,Peltactila,aurea,(Desf.) Raf.,,
172117,Daucus durieua,Caucalis hispanica Samp.,Caucalis,hispanica,Samp.,,
172117,Daucus durieua,Caucalis durieua (Lange) Samp.,Caucalis,durieua,(Lange) Samp.,,
172117,Daucus durieua,Durieua hispanica Boiss. & Reut.,Durieua,hispanica,Boiss. & Reut.,,
172117,Daucus durieua,Daucus subsessilis Boiss.,Daucus,subsessilis,Boiss.,,
19379058,Lathyrus sphaericus,Lathyrus hygrophilus Robyns,Lathyrus,hygrophilus,Robyns,,
19379058,Lathyrus sphaericus,Lathyrus coccineus All.,Lathyrus,coccineus,All.,,
19379058,Lathyrus sphaericus,Orobus sphaericus (Retz.) Avazneli,Orobus,sphaericus,(Retz.) Avazneli,,
19379058,Lathyrus sphaericus,Lathyrus viciodes DC.,Lathyrus,viciodes,DC.,,
19379015,Lathyrus aphaca,Aphaca marmorata Alef.,Aphaca,marmorata,Alef.,,
19379015,Lathyrus aphaca,Orobus aphaca (L.) Doll,Orobus,aphaca,(L.) Doll,,
19379015,Lathyrus aphaca,Lathyrus affinis Guss,Lathyrus,affinis,Guss,,
19379015,Lathyrus aphaca,Lathyrus polyanthus Boiss. & Blanche,Lathyrus,polyanthus,Boiss. & Blanche,,
19379015,Lathyrus aphaca,Lathyrus floribundus Velen.,Lathyrus,floribundus,Velen.,,
19379015,Lathyrus aphaca,Lathyrus pseudoaphaca Boiss,Lathyrus,pseudoaphaca,Boiss,,
19379021,Lathyrus clymenum,Lathyrus articulatus L.,Lathyrus,articulatus,L.,,
19379021,Lathyrus clymenum,Lathyrus articulatus L. subsp. clymenum (L.) Maire,Lathyrus,articulatus,L.,subspecies (plantae),(L.) Maire
19379021,Lathyrus clymenum,Lathyrus clymensum L.,Lathyrus,clymensum,L.,,
120072348,Lathyrus angulatus,Lathyrus leptophyllus M.Bieb,Lathyrus,leptophyllus,M.Bieb,,
176510,Lathyrus annuus,Lathyrus trachyspermus Webb,Lathyrus,trachyspermus,Webb,,
164057,Lemna minor,Lemna rwandensis De Sloover,Lemna,rwandensis,De Sloover,,
164057,Lemna minor,Lenticula minor (L.) Scop.,Lenticula,minor,(L.) Scop.,,
164057,Lemna minor,Lenticula monorhiza Montandon,Lenticula,monorhiza,Montandon,,
164057,Lemna minor,Hydrophace minor (L.) Bubani,Hydrophace,minor,(L.) Bubani,,
164057,Lemna minor,Lenticula vulgaris Lam.,Lenticula,vulgaris,Lam.,,
164057,Lemna minor,Lemna minor ssp. oxymitra Hegelm.,Lemna,minor,,subspecies,Hegelm.
164057,Lemna minor,Lemna minor subsp. minima Chev.,Lemna,minor,,subspecies (plantae),Chev.
164057,Lemna minor,Lemna minima Thuill. ex P.Beauv.,Lemna,minima,Thuill. ex P.Beauv.,,
164443,Cyperus alopecuroides,Cyperus poireti Roem. & Schult.,Cyperus,poireti,Roem. & Schult.,,
164443,Cyperus alopecuroides,Cyperus glomeratus Willd.,Cyperus,glomeratus,Willd.,,
164443,Cyperus alopecuroides,Cyperus compositus R.Br.,Cyperus,compositus,R.Br.,,
164443,Cyperus alopecuroides,Cyperus bidentatus Poir.,Cyperus,bidentatus,Poir.,,
164443,Cyperus alopecuroides,Juncellus alopecuroides (Rottb.) C.B.Clarke,Juncellus,alopecuroides,(Rottb.) C.B.Clarke,,
164443,Cyperus alopecuroides,Chlorocyperus alopecuroides Grossh.,Chlorocyperus,alopecuroides,Grossh.,,
158183,Cyperus rotundus,Cyperus nubicus C.B.Clarke,Cyperus,nubicus,C.B.Clarke,,
158183,Cyperus rotundus,Cyperus retzii Nees,Cyperus,retzii,Nees,,
158183,Cyperus rotundus,Cyperus merkeri C.B.Clarke,Cyperus,merkeri,C.B.Clarke,,
158183,Cyperus rotundus,Cyperus taylorii C.B.Clarke,Cyperus,taylorii,C.B.Clarke,,
158183,Cyperus rotundus,Cyperus rotundus L. subsp. taylorii (C.B.Clarke) Kük..,Cyperus,rotundus,L.,subspecies (plantae),(C.B.Clarke) Kük..
164114,Cyperus mundii,Pycreus mundtii Nees,Pycreus,mundtii,Nees,,
164114,Cyperus mundii,Cyperus turfosus Salzm. ex Kunth,Cyperus,turfosus,Salzm. ex Kunth,,
14828406,Equisetum ramosissimum,Equisetum ramosum DC.,Equisetum,ramosum,DC.,,
14828406,Equisetum ramosissimum,Equisetum azoricum Gand.,Equisetum,azoricum,Gand.,,
14828406,Equisetum ramosissimum,Equisetum campanulatum Poir.,Equisetum,campanulatum,Poir.,,
14828406,Equisetum ramosissimum,Equisetum ramosissimum Desf. subsp. debile (Roxb. ex Vauch.) Hauke,Equisetum,ramosissimum,Desf.,subspecies (plantae),(Roxb. ex Vauch.) Hauke
14828406,Equisetum ramosissimum,Equisetum elongatum Willd.,Equisetum,elongatum,Willd.,,
14828406,Equisetum ramosissimum,Equisetum incanum Vaucher,Equisetum,incanum,Vaucher,,
14828406,Equisetum ramosissimum,Equisetum paleaceum Schleich.,Equisetum,paleaceum,Schleich.,,
14828406,Equisetum ramosissimum,Equisetum pallidum Bory,Equisetum,pallidum,Bory,,
14828406,Equisetum ramosissimum,Hippochaete ramosissima (Desf.) Bruhin,Hippochaete,ramosissima,(Desf.) Bruhin,,
14828406,Equisetum ramosissimum,Equisetum debile Roxb. ex Vaucher,Equisetum,debile,Roxb. ex Vaucher,,
14828406,Equisetum ramosissimum,Equisetum ramosissimum Desf. subsp. incanum (Vaucher) Pignatti,Equisetum,ramosissimum,Desf.,subspecies (plantae),(Vaucher) Pignatti
164322,Najas marina,Najas fluviatilis Poir.,Najas,fluviatilis,Poir.,,
164322,Najas marina,Najas gracilis (Morong) Small,Najas,gracilis,(Morong) Small,,
164322,Najas marina,Najas latifolia A.Braun,Najas,latifolia,A.Braun,,
164322,Najas marina,Najas major All.,Najas,major,All.,,
163982,Potamogeton pusillus,"Potamogeton gracilis Fr., nom. illeg.",Potamogeton,gracilis,"Fr., nom. illeg.",,
163982,Potamogeton pusillus,Potamogeton skvortsovii Klinkova,Potamogeton,skvortsovii,Klinkova,,
163982,Potamogeton pusillus,Potamogeton subjavanicus Hagstr.,Potamogeton,subjavanicus,Hagstr.,,
163982,Potamogeton pusillus,Potamogeton panomitanus Biv.,Potamogeton,panomitanus,Biv.,,
163982,Potamogeton pusillus,Potamogeton pusillus subsp. africanus A.Benn.,Potamogeton,pusillus,,subspecies (plantae),A.Benn.
164208,Typha domingensis,Typha angustifolia L. ssp. domingensis (Pers.) Rohrb.,Typha,angustifolia,L.,subspecies,(Pers.) Rohrb.
164208,Typha domingensis,Typha australis Schum. & Thonn.,Typha,australis,Schum. & Thonn.,,
164208,Typha domingensis,Typha javanica Schnizl. ex Rohrb.,Typha,javanica,Schnizl. ex Rohrb.,,
164208,Typha domingensis,Typha  abyssinica  Rchb.f. ex Rohrb.,Typha ,abyssinica ,Rchb.f. ex Rohrb.,,
164208,Typha domingensis,Typha  aequalis  Schnizl.,Typha ,aequalis ,Schnizl.,,
164208,Typha domingensis,Typha  aethiopica  Kronf.,Typha ,aethiopica, Kronf.,,
164208,Typha domingensis,Typha  americana  Rich. ex Rohrb.,Typha ,americana ,Rich. ex Rohrb.,,
164208,Typha domingensis,Typha  angustata  Bory & Chaub.,Typha ,angustata ,Bory & Chaub.,,
164208,Typha domingensis,Typha angustata Bory & Chaub. var. abyssinica  (Rchb.f. ex Rohrb.) Graebn.,Typha,angustata,Bory & Chaub.,variety,(Rchb.f. ex Rohrb.) Graebn.
164208,Typha domingensis,Typha angustata Bory & Chaub. ssp. aethiopica (Rohrb.) Kronf.,Typha,angustata,Bory & Chaub.,subspecies,(Rohrb.) Kronf.
164208,Typha domingensis,Typha angustata var. aethiopica Rohrb.,Typha,angustata,,variety,Rohrb.
164208,Typha domingensis,Typha angustata Bory & Chaub. var. gracilis Nyman,Typha,angustata,Bory & Chaub.,variety,Nyman
164208,Typha domingensis,Typha angustata Bory & Chaub. var. leptocarpa Rohrb.,Typha,angustata,Bory & Chaub.,variety,Rohrb.
164208,Typha domingensis,Typha angustifolia L. ssp. angustata  (Bory & Chaub.) Briq.,Typha,angustifolia,L.,subspecies, (Bory & Chaub.) Briq.
164208,Typha domingensis,Typha angustifolia L. var. australis (Schumach.) Rohrb.,Typha,angustifolia,L.,variety,(Schumach.) Rohrb.
164208,Typha domingensis,Typha angustifolia L. ssp. australis (Schumach.) Kronf.,Typha,angustifolia,L.,subspecies,(Schumach.) Kronf.
164208,Typha domingensis,Typha angustifolia L. var. brownii (Kunth) Kronf.,Typha,angustifolia,L.,variety,(Kunth) Kronf.
164208,Typha domingensis,Typha angustifolia L. var. domingensis (Pers.) Griseb.,Typha,angustifolia,L.,variety,(Pers.) Griseb.
164208,Typha domingensis,Typha angustifolia L. ssp. domingensis (Pers.) Rohrb.,Typha,angustifolia,L.,subspecies,(Pers.) Rohrb.
164208,Typha domingensis,Typha angustifolia L. var. domingensis (Pers.) Hemsl.,Typha,angustifolia,L.,variety,(Pers.) Hemsl.
164208,Typha domingensis,Typha angustifolia L. ssp. javanica (Schnizl. ex Rohrb.) Graebn.,Typha,angustifolia,L.,subspecies,(Schnizl. ex Rohrb.) Graebn.
164208,Typha domingensis,Typha angustifolia L. var. virginica Tidestr.,Typha,angustifolia,L.,variety,Tidestr.
164208,Typha domingensis,Typha  australis  Schumach.,Typha ,australis ,Schumach.,,
164208,Typha domingensis,Typha  basedowii  Graebn.,Typha ,basedowii ,Graebn.,,
164208,Typha domingensis,Typha  bracteata  Greene,Typha ,bracteata ,Greene,,
164208,Typha domingensis,Typha  brownii  Kunth,Typha ,brownii ,Kunth,,
164208,Typha domingensis,Typha  damiattica  Ehrenb. ex Rohrb,Typha ,damiattica ,Ehrenb. ex Rohrb,,
164208,Typha domingensis,Typha domingensis Pers. var. australis (Schumach.) Gèze,Typha,domingensis,Pers.,variety,(Schumach.) Gèze
164208,Typha domingensis,Typha domingensis Pers. var. javanica (Schnizl. ex Rohrb.) Gèze,Typha,domingensis,Pers.,variety,(Schnizl. ex Rohrb.) Gèze
164208,Typha domingensis,Typha domingensis Pers. var. sachetiae Fosberg,Typha,domingensis,Pers.,variety,Fosberg
164208,Typha domingensis,Typha  ehrenbergii   Schur ex Rohrb.,Typha ,ehrenbergii , Schur ex Rohrb.,,
164208,Typha domingensis,Typha  essequeboensis  G.Mey. ex Rohrb.,Typha ,essequeboensis ,G.Mey. ex Rohrb.,,
164208,Typha domingensis,Typha  gigantea  Schur ex Kunth,Typha, gigantea ,Schur ex Kunth,,
164208,Typha domingensis,Typha  javanica  Schnizl. ex Rohrb.,Typha, javanica ,Schnizl. ex Rohrb.,,
164208,Typha domingensis,Typha  macranthelia  Webb & Berthel.,Typha ,macranthelia ,Webb & Berthel.,,
164208,Typha domingensis,Typha  maxima  Schur ex Rohrb.,Typha ,maxima ,Schur ex Rohrb.,,
164208,Typha domingensis,Typha  media  Bory & Chaub.,Typha ,media ,Bory & Chaub.,,
164208,Typha domingensis,Typha  pontica  Klok. fil. & A. Krasnova,Typha, pontica ,Klok. fil. & A. Krasnova,,
164208,Typha domingensis,Typha  salgirica  Krasnova,Typha ,salgirica ,Krasnova,,
164208,Typha domingensis,Typha  tenuifolia  Kunth,Typha ,tenuifolia ,Kunth,,
164208,Typha domingensis,Typha  truxillensis  Kunth,Typha ,truxillensis ,Kunth,,
164208,Typha domingensis,Typha  gracilis  Schur,Typha ,gracilis ,Schur ,,
13416997,Phoenix canariensis,Phoenix dactylifera L. var. jubae Webb & Berthel.,Phoenix,dactylifera,L.,variety,Webb & Berthel.
13416997,Phoenix canariensis,Phoenix canariensis Chabaud,Phoenix,canariensis,Chabaud,,
79928148,Tamarix boveana,Tamarix jimenezii Pau,Tamarix,jimenezii,Pau,,
57471077,Stipa tenacissima,Lasiagrostis tenacissima (L.) Trin. & Rupr.,Lasiagrostis,tenacissima,(L.) Trin. & Rupr.,,
57471077,Stipa tenacissima,Macrochloa tenacissima (L.) Kunth,Macrochloa,tenacissima,(L.) Kunth,,
19892142,Adenocarpus viscosus,Adenocarpus anagyrus Spreng.,Adenocarpus,anagyrus,Spreng.,,
19892142,Adenocarpus viscosus,Adenocarpus frankenioides DC.,Adenocarpus,frankenioides,DC.,,
19892142,Adenocarpus viscosus,Genista viscosa Willd.,Genista,viscosa,Willd.,,
22716959,Curruca melanocephala,"Sylvia melanocephala (Gmelin, 1789)",Sylvia,melanocephala,"(Gmelin, 1789)",,
22720441,Linaria cannabina,Acanthis cannabina ssp. cannabina — Dowsett and Forbes-Watson (1993),Acanthis,cannabina,,subspecies,— Dowsett and Forbes-Watson (1993)
22720441,Linaria cannabina,"Carduelis cannabina (Linnaeus, 1758)",Carduelis,cannabina,"(Linnaeus, 1758)",,
132341128,Hydrobates castro,"Oceanodroma castro (Harcourt, 1851)",Oceanodroma,castro,"(Harcourt, 1851)",,
132341128,Hydrobates castro,"Thalassidroma castro Harcourt, 1851",Thalassidroma,castro,"Harcourt, 1851",,
132438298,Hydrobates leucorhous,"Hydrobates leucorhoa ssp. leucorhoa (Vieillot, 1818) — Christidis and Boles (2008)",Hydrobates,leucorhoa,,subspecies,"(Vieillot, 1818) — Christidis and Boles (2008)"
132438298,Hydrobates leucorhous,"Oceanodroma leucorhoa (Vieillot, 1818)",Oceanodroma,leucorhoa,"(Vieillot, 1818)",,
22696657,Morus bassanus,Sula bassana bassana Cramp and Simmons (1977-1994),Sula bassana,bassana,Cramp and Simmons (1977-1994),,
22696657,Morus bassanus,Sula bassana bassana Dowsett and Forbes-Watson (1993),Sula bassana,bassana,Dowsett and Forbes-Watson (1993),,
164311,Nasturtium officinale,Sisymbrium nasturtium-aquaticum L.,Sisymbrium,nasturtium-aquaticum,L.,,
164311,Nasturtium officinale,Rorippa nasturtium-aquaticum (L.) Hayek,Rorippa,nasturtium-aquaticum,(L.) Hayek,,
22680163,Mareca americana,"Anas americana Gmelin, 1789",Anas,americana,"Gmelin, 1789",,
22721803,Parkesia motacilla,"Seiurus motacilla (Vieillot, 1809)",Seiurus,motacilla,"(Vieillot, 1809)",,
22709707,Luscinia svecica,"Luscinia svecica (Linnaeus, 1758)",Luscinia,svecica,"(Linnaeus, 1758)",,
22709707,Luscinia svecica,"Cyanecula svecica (Linnaeus, 1758)",Cyanecula,svecica,"(Linnaeus, 1758)",,
22680229,Spatula discors,"Anas discors Linnaeus, 1766",Anas,discors,"Linnaeus, 1766",,
22680472,Lophodytes cucullatus,Mergus cucullatus,Mergus cucullatus,,AERC TAC (2003),,
22680472,Lophodytes cucullatus,Mergus cucullatus cucullatus Stotz et al. (1996),Mergus cucullatus,cucullatus,Stotz et al. (1996),,
22680472,Lophodytes cucullatus,Mergus cucullatus cucullatus Cramp and Simmons (1977-1994),Mergus cucullatus,cucullatus,Cramp and Simmons (1977-1994),,
137745831,Capparis spinosa,Capparis spinosa L. subsp. spinosa,Capparis,spinosa,L.,subspecies (plantae),
73094084,Cistus monspeliensis,Cistus monspeliensis L. var. feredjensis Batt.,Cistus,monspeliensis,L.,variety,Batt.
73094084,Cistus monspeliensis,Stephanocarpus monspeliensis (L.) Spach,Stephanocarpus,monspeliensis,(L.) Spach,,
73094084,Cistus monspeliensis,Cistus feredjensis Batt,Cistus,feredjensis,Batt,,
165477,Ischnura saharensis,"Ischnura saharensis Aguesse, 1958",Ischnura,saharensis,"Aguesse, 1958",,
165477,Ischnura saharensis,"Ischnura elegans ssp. saharensis Aguesse, 1958",Ischnura,elegans,,subspecies,"Aguesse, 1958"
164441,Cyperus michelianus,Cyperus pygmaeus Rottb.,Cyperus,pygmaeus,Rottb.,,
164441,Cyperus michelianus,Scirpus michelianus L.,Scirpus,michelianus,L.,,
164380,Echinochloa colona,Panicum colonum L.,Panicum,colonum,L.,,
164380,Echinochloa colona,Echinochloa colonum (L.) Link,Echinochloa,colonum,(L.) Link,,
164380,Echinochloa colona,Panicum daltonii Parl. ex Webb,Panicum,daltonii,Parl. ex Webb,,
164380,Echinochloa colona,Oplismenus daltoni (Parl.) J.A.Schmidt,Oplismenus,daltoni,(Parl.) J.A.Schmidt,,
164380,Echinochloa colona,Echinochloa colonum (L.) Link,Echinochloa,colonum,(L.) Link,,
164067,Hemarthria altissima,Rottboellia fasciculata Lam.,Rottboellia,fasciculata,Lam.,,
164067,Hemarthria altissima,Hemarthria fasciculata  (Lam.) Kunth,Hemarthria,fasciculata ,(Lam.) Kunth,,
164067,Hemarthria altissima,Hemarthria compressa R.Br. subsp. altissima  (Poir.) Maire,Hemarthria,compressa,R.Br.,subspecies (plantae),(Poir.) Maire
164067,Hemarthria altissima,Rottboellia altissima Poir.,Rottboellia,altissima,Poir.,,
164447,Panicum repens,Panicum grossarium Forssk.,Panicum,grossarium,Forssk.,,
169069,Echinochloa crus-galli,Panicum crus-galli L.,Panicum,crus-galli,L.,,
169069,Echinochloa crus-galli,Echinochloa crusgalli (L.) P.Beauv. [orth. error],Echinochloa,crusgalli,(L.) P.Beauv. [orth. error],,
149163476,Heringia adpropinquans,"Pipizella adpropinquans Becker, 1908",Pipizella,adpropinquans,"Becker, 1908",,
149169489,Eumerus santosabreui,"Eumerus auratus Santos Abreu, 1924 [nom. illegit.].",Eumerus,auratus,"Santos Abreu, 1924 [nom. illegit.].",,
149169849,Eumerus latitarsis,"Eumerus luteifrons Santos Abreu, 1924",Eumerus,luteifrons,"Santos Abreu, 1924",,
149169849,Eumerus latitarsis,"Eumerus maculicornis Santos Abreu, 1924",Eumerus,maculicornis,"Santos Abreu, 1924",,
149171119,Pelecocera nigricornis,"Chamaesyrphus nigricornis Santos Abreu, 1924",Chamaesyrphus,nigricornis,"Santos Abreu, 1924",,
149171119,Pelecocera nigricornis,"Chamaesyrphus dimidiatus Abreu, 1924",Chamaesyrphus,dimidiatus,"Abreu, 1924 ",,
149171119,Pelecocera nigricornis,"Chamaesyrphus inmaculatus Abreu, 1924",Chamaesyrphus,inmaculatus,"Abreu, 1924 ",,
149171119,Pelecocera nigricornis,"Pelecocera nigrifacies (Abreu, 1924)",Pelecocera,nigrifacies,"(Abreu, 1924)",,
149171119,Pelecocera nigricornis,"Chamaesyrphus autumnalis Abreu, 1924",Chamaesyrphus,autumnalis,"Abreu, 1924",,
149171119,Pelecocera nigricornis,"Chamaesyrphus defectus Abreu, 1924",Chamaesyrphus,defectus,"Abreu, 1924",,
149171119,Pelecocera nigricornis,"Chamaesyrphus intermedius Abreu, 1924",Chamaesyrphus,intermedius,"Abreu, 1924",,
149171452,Melanostoma incompletum,"Melanostoma atricorne Santos Abreu, 1924",Melanostoma,atricorne,"Santos Abreu, 1924",,
149171452,Melanostoma incompletum,"Melanostoma discrepans Santos Abreu, 1924",Melanostoma,discrepans,"Santos Abreu, 1924",,
149171452,Melanostoma incompletum,"Melanostoma eximium Santos Abreu, 1924",Melanostoma,eximium,"Santos Abreu, 1924",,
149171452,Melanostoma incompletum,"Melanostoma nigratum Santos Abreu, 1924",Melanostoma,nigratum,"Santos Abreu, 1924",,
149171452,Melanostoma incompletum,"Melanostoma pseudomaculatum Santos Abreu, 1924",Melanostoma,pseudomaculatum,"Santos Abreu, 1924",,
149171452,Melanostoma incompletum,"Melanostoma pulchrigaster Santos Abreu, 1924",Melanostoma,pulchrigaster,"Santos Abreu, 1924",,
149171452,Melanostoma incompletum,"Melanostoma quadricinctum Santos Abreu, 1924",Melanostoma,quadricinctum,"Santos Abreu, 1924",,
149171452,Melanostoma incompletum,"Melanostoma halteratum Santos Abreu, 1924",Melanostoma,halteratum,"Santos Abreu, 1924",,
22680247,Spatula clypeata,"Anas clypeata Linnaeus, 1758",Anas,clypeata,"Linnaeus, 1758",,
22698209,Ardenna grisea,Ardenna grisea ssp. grisea — Christidis and Boles (2008),Ardenna,grisea,,subspecies,— Christidis and Boles (2008)
22698209,Ardenna grisea,"Puffinus griseus (Gmelin, 1789)",Puffinus,griseus,"(Gmelin, 1789)",,
22696076,Aquila fasciata,Hieraaetus fasciatus,Hieraaetus fasciatus,,AERC TAC (2003),,
22696076,Aquila fasciata,Hieraaetus fasciatus,Hieraaetus fasciatus,,"Sibley and Monroe (1990, 1993)",,
22696076,Aquila fasciata,"Aquila fasciatus (Vieillot, 1822) [orth. error]",Aquila,fasciatus,"(Vieillot, 1822) [orth. error]",,
22697043,Ardea alba,Ardea alba SACC (2005),Ardea,alba,SACC (2005),,
22697043,Ardea alba,Egretta alba Stotz et al. (1996),Egretta,alba,Stotz et al. (1996),,
22697043,Ardea alba,Egretta alba Turbott (1990),Egretta,alba,Turbott (1990),,
22697043,Ardea alba,Ardea alba AOU checklist (1998 + supplements),Ardea,alba,AOU checklist (1998 + supplements),,
22697043,Ardea alba,Ardea alba Christidis and Boles (1994),Ardea,alba,Christidis and Boles (1994),,
22697043,Ardea alba,Egretta alba Cramp and Simmons (1977-1994),Egretta,alba,Cramp and Simmons (1977-1994),,
22697043,Ardea alba,Egretta alba Dowsett and Forbes-Watson (1993),Egretta,alba,Dowsett and Forbes-Watson (1993),,
22697043,Ardea alba,"Casmerodius albus (Linnaeus, 1758)",Casmerodius,albus,"(Linnaeus, 1758)",,
22697109,Bubulcus ibis,Ardea ibis ibis Christidis and Boles (2008),Ardea ibis,ibis,Christidis and Boles (2008),,
22697109,Bubulcus ibis,Ardeola ibis ibis Stotz et al. (1996),Ardeola ibis,ibis,Stotz et al. (1996),,
22697109,Bubulcus ibis,Ardea ibis ibis Christidis and Boles (1994),Ardea ibis,ibis,Christidis and Boles (1994),,
22720513,Bucanetes githagineus,"Rhodopechys githaginea ssp. githaginea — Sibley and Monroe (1990, 1993)",Rhodopechys,githaginea,,subspecies,"— Sibley and Monroe (1990, 1993)"
22709936,Cercotrichas galactotes,Cercotrichas galactotes — Cramp and Simmons (1977-1994),Cercotrichas,galactotes,— Cramp and Simmons (1977-1994),,
22709936,Cercotrichas galactotes,"Cercotrichas galactotes ssp. galactotes — Sibley and Monroe (1990, 1993)",Cercotrichas,galactotes,,subspecies,"— Sibley and Monroe (1990, 1993)"
22709936,Cercotrichas galactotes,"Erythropygia galactotes (Temminck, 1820)",Erythropygia,galactotes,"(Temminck, 1820)",,
22721020,Emberiza calandra,Emberiza calandra,Emberiza calandra,,AERC TAC (2003),,
22721020,Emberiza calandra,"Miliaria calandra Linnaeus, 1758",Miliaria,calandra,"Linnaeus, 1758",,
103874024,Curruca cantillans,"Sylvia cantillans (Pallas, 1764)",Sylvia,cantillans,"(Pallas, 1764)",,
103874024,Curruca cantillans,"Motacilla (cantillans) Pallas, 1764",Motacilla,(cantillans),"Pallas, 1764",,
22716910,Curruca communis,"Sylvia communis Latham, 1787",Sylvia,communis,"Latham, 1787",,
22716976,Curruca conspicillata,"Sylvia conspicillata Temminck, 1820",Sylvia,conspicillata,"Temminck, 1820",,
22735012,Curruca hortensis,"Sylvia hortensis (Gmelin, 1789)",Sylvia,hortensis,"(Gmelin, 1789)",,
22735012,Curruca hortensis,"Motacilla hortensis Gmelin, 1789",Motacilla,hortensis,"Gmelin, 1789",,
130525346,Senna occidentalis,Cassia ciliata Raf.,Cassia,ciliata,Raf.,,
130525346,Senna occidentalis,Cassia caroliniana Walter,Cassia,caroliniana,Walter,,
130525346,Senna occidentalis,Cassia falcata L.,Cassia,falcata,L.,,
130525346,Senna occidentalis,Cassia foetida Willemet,Cassia,foetida,Willemet,,
130525346,Senna occidentalis,Cassia glaucescens Hoffmanns.,Cassia,glaucescens,Hoffmanns.,,
130525346,Senna occidentalis,Cassia macradenia Collad.,Cassia,macradenia,Collad.,,
130525346,Senna occidentalis,Cassia obliquifolia Schrank,Cassia,obliquifolia,Schrank,,
130525346,Senna occidentalis,Cassia occidentalis L.,Cassia,occidentalis,L.,,
130525346,Senna occidentalis,Cassia occidentalis var. glabra Vogel,Cassia,occidentalis var. glabra,Vogel,,
130525346,Senna occidentalis,Cassia papulosa Hoffmanns.,Cassia,papulosa,Hoffmanns.,,
130525346,Senna occidentalis,Cassia planisiliqua L.,Cassia,planisiliqua,L.,,
130525346,Senna occidentalis,Cassia plumieri DC.,Cassia,plumieri,DC.,,
130525346,Senna occidentalis,Diallobus falcatus (L.) Raf.,Diallobus,falcatus,(L.) Raf.,,
130525346,Senna occidentalis,Ditremexa caroliniana (Walter) Raf.,Ditremexa,caroliniana,(Walter) Raf.,,
130525346,Senna occidentalis,Ditremexa fetida Raf.,Ditremexa,fetida,Raf.,,
130525346,Senna occidentalis,Ditremexa occidentalis (L.) Britton & Rose,Ditremexa,occidentalis,(L.) Britton & Rose,,
130525346,Senna occidentalis,Psilorhegma planisiliqua (L.) Britton & Rose,Psilorhegma,planisiliqua,(L.) Britton & Rose,,
130525346,Senna occidentalis,Senna orientalis Walp.,Senna,orientalis,Walp.,,
62148588,Hypolimnas misippus,"Papilio misippus Linnaeus, 1764",Papilio,misippus,"Linnaeus, 1764",,
174213,Catopsilia florella,"Papilio florella Fabricius, 1775",Papilio,florella,"Fabricius, 1775",,
174346,Azanus ubaldus,"Lycaena ubaldus Stoll in Cramer, 1782",Lycaena,ubaldus,"Stoll in Cramer, 1782",,
174346,Azanus ubaldus,"Lycaena itea Walker, 1870",Lycaena,itea,"Walker, 1870",,
174346,Azanus ubaldus,"Lycaena ethoda Walker, 1870",Lycaena,ethoda,"Walker, 1870",,
174346,Azanus ubaldus,"Lycaena macalenga Trimen, 1887",Lycaena,macalenga,"Trimen, 1887",,
174346,Azanus ubaldus,"Lycaena thebana Staudinger, 1894",Lycaena,thebana,"Staudinger, 1894",,
164209773,Furcraea hexapetala,Agave hexapetala Jacq.,Agave,hexapetala,Jacq.,,
22698201,Ardenna gravis,Ardenna gravis ssp. gravis — Christidis and Boles (2008),Ardenna,gravis,,subspecies,— Christidis and Boles (2008)
22698201,Ardenna gravis,"Puffinus gravis (O'Reilly, 1818)",Puffinus,gravis,"(O'Reilly, 1818)",,
174225,Vanessa atalanta,"Papilio atalanta Linnaeus, 1758",Papilio,atalanta,"Linnaeus, 1758",,
19379202,Lotus edulis,Krokeria oligoceratos Moench,Krokeria,oligoceratos,Moench,,
19379202,Lotus edulis,Lotus cervinus Pourr. ex Willk. & Lange,Lotus,cervinus,Pourr. ex Willk. & Lange,,
19379202,Lotus edulis,Mullaghera edulis (L.) Bubani,Mullaghera,edulis,(L.) Bubani,,
19379202,Lotus edulis,Lotus  edulus  L. [orth. error],Lotus ,edulus ,L. [orth. error],,
172637386,Ononis ramosissima,Ononis adglutinans C.Presl,Ononis,adglutinans,C.Presl,,
172637386,Ononis ramosissima,Ononis gibraltarica Boiss.,Ononis,gibraltarica,Boiss.,,
172637386,Ononis ramosissima,Ononis mauritanica Pomel,Ononis,mauritanica,Pomel,,
172637386,Ononis ramosissima,Ononis microphylla (Boiss.) C.Presl,Ononis,microphylla,(Boiss.) C.Presl,,
172637386,Ononis ramosissima,Ononis picta Desf.,Ononis,picta,Desf.,,
172637386,Ononis ramosissima,Ononis natrix L. var. font-queri Širj. ex O.Bolòs & Vigo) Romo,Ononis,natrix,L.,variety,Širj. ex O.Bolòs & Vigo) Romo
172637386,Ononis ramosissima,Ononis natrix L. ssp. ramosissima (Desf.) Batt.,Ononis,natrix,L.,subspecies,(Desf.) Batt.
172637386,Ononis ramosissima,Ononis natrix L. ssp. gibraltarica (Boiss.) Devesa,Ononis,natrix,L.,subspecies,(Boiss.) Devesa
172637386,Ononis ramosissima,Ononis hispanica L.f. ssp. ramosissima (Desf.) Förther & Podlech,Ononis,hispanica,L.f.,subspecies,(Desf.) Förther & Podlech
172637386,Ononis ramosissima,Ononis natrix L. ssp. font-queri Širj. ex O.Bolòs & Vigo) Romo,Ononis,natrix,L.,subspecies,Širj. ex O.Bolòs & Vigo) Romo
16349692,Juniperus turbinata,Juniperus phoenicea subsp. turbinata (Guss.) Nyman,Juniperus,phoenicea,,subspecies (plantae),(Guss.) Nyman
180450141,Leptotes pirithous ssp. pirithous,"Papilio telicanus Lang, 1789",Papilio,telicanus,"Lang, 1789",,
180450141,Leptotes pirithous ssp. pirithous,"Papilio pirithous ssp. pirithous Linnaeus, 1767",Papilio,pirithous,,subspecies,"Linnaeus, 1767"
180530010,Zizeeria knysna ssp. knysna,"Lycaena knysna ssp. knysna Trimen, 1862",Lycaena,knysna,,subspecies,"Trimen, 1862"
22710184,Saxicola torquatus,"Saxicola torquata  (Linnaeus, 1766)",Saxicola,torquata," (Linnaeus, 1766)",,
22695072,Milvus milvus,"Falco milvus Linnaeus, 1758",Falco,milvus,"Linnaeus, 1758",,
79727759,Gesnouinia arborea,Urtica arborea L.f.,Urtica,arborea,L.f.,,
184927540,Senecio massaicus,Senecio coronopifolius Desf. subsp. massaicus Maire,Senecio,coronopifolius,Desf.,subspecies (plantae),Maire
184927943,Soliva stolonifera,Hippia stolonifera Brot.,Hippia,stolonifera,Brot.,,
184927943,Soliva stolonifera,Gymnostyles lusitanica Spreng.,Gymnostyles,lusitanica,Spreng.,,
184927943,Soliva stolonifera,Gymnostyles nasturtiifolia Juss.,Gymnostyles,nasturtiifolia,Juss.,,
184927943,Soliva stolonifera,Gymnostyles stolonifera (Brot.) Tutin,Gymnostyles,stolonifera,(Brot.) Tutin,,
184927943,Soliva stolonifera,Soliva acaulis Hook. & Arn.,Soliva,acaulis,Hook. & Arn.,,
184927943,Soliva stolonifera,Soliva anthemifolia var. acaulis (Hook. & Arn.) Baker,Soliva,anthemifolia,,variety,(Hook. & Arn.) Baker
184927943,Soliva stolonifera,Soliva aphanes Sch.Bip.,Soliva,aphanes,Sch.Bip.,,
184927943,Soliva stolonifera,Soliva lusitanica Less.,Soliva,lusitanica,Less.,,
184927943,Soliva stolonifera,Soliva nasturtiifolia DC.,Soliva,nasturtiifolia,DC.,,
184927943,Soliva stolonifera,Soliva urbica Phil.,Soliva,urbica,Phil.,,
68149961,Ipomoea pes-caprae,Convolvulus pes-caprae L.,Convolvulus,pes-caprae,L.,,
124232167,Sesuvium portulacastrum,Portulaca portulacastrum L.,Portulaca,portulacastrum,L.,,
192003584,Salicornia perennis,Sarcocornia perennis (Mill.) A.J.Scott,Sarcocornia,perennis,(Mill.) A.J.Scott,,
162281,Ceropegia dichotoma subsp. krainzii,Ceropegia ceratophora Svent.,Ceropegia,ceratophora,Svent.,,
162281,Ceropegia dichotoma subsp. krainzii,Ceropegia krainzii Svent.,Ceropegia,krainzii,Svent.,,
162281,Ceropegia dichotoma subsp. krainzii,Ceropegia chrysantha Svent.,Ceropegia,chrysantha,Svent.,,
165474,Platycnemis subdilatata,"Platycnemis subdilata Selys, 1849 [orth. err.]",Platycnemis,subdilata,"Selys, 1849 [orth. err.]",,
45354964,Falco peregrinus,"Falco pelegrinoides Temminck, 1829",Falco,pelegrinoides,"Temminck, 1829",,
181568721,Milvus migrans,"Falco migrans Boddaert, 1783",Falco,migrans,"Boddaert, 1783",,
181568721,Milvus migrans,"Milvus lineatus (J.E. Gray, 1831)",Milvus,lineatus,"(J.E. Gray, 1831)",,
60292,Sympetrum nigrifemur,"Diplax nigrifemur Selys, 1884",Diplax,nigrifemur,"Selys, 1884",,
159971,Danaus plexippus,"Papilio plexippus Linnaeus, 1758",Papilio,plexippus,"Linnaeus, 1758",,
174464,Zizeeria knysna,"Lycaena knysna Trimen, 1862",Lycaena,knysna,"Trimen, 1862",,
174286,Leptotes pirithous,"Papilio pirithous Linnaeus, 1767",Papilio,pirithous,"Linnaeus, 1767",,
63527,Ficus carica,Ficus rugosa Miq.,Ficus,rugosa,Miq.,,
63527,Ficus carica,Ficus macrocarpa Gasp.,Ficus,macrocarpa,Gasp.,,
63527,Ficus carica,Ficus leucocarpa Gasp.,Ficus,leucocarpa,Gasp.,,
63527,Ficus carica,Ficus albescens Miq.,Ficus,albescens,Miq.,,
63527,Ficus carica,Ficus caprificus Risso,Ficus,caprificus,Risso,,
63527,Ficus carica,Ficus pedunculata Miq.,Ficus,pedunculata,Miq.,,
63527,Ficus carica,Ficus pachycarpa Gasp.,Ficus,pachycarpa,Gasp.,,
63527,Ficus carica,Ficus burdigalensis Poit. & Turpin,Ficus,burdigalensis,Poit. & Turpin,,
63527,Ficus carica,Ficus neapolitana Miq.,Ficus,neapolitana,Miq.,,
63527,Ficus carica,Ficus hypoleuca Gasp.,Ficus,hypoleuca,Gasp.,,
63527,Ficus carica,Ficus globosa Miq.,Ficus,globosa,Miq.,,
63527,Ficus carica,Caprificus pedunculata (Miq.) Gasp.,Caprificus,pedunculata,(Miq.) Gasp.,,
63527,Ficus carica,Ficus latifolia Salisb.,Ficus,latifolia,Salisb.,,
63527,Ficus carica,Caprificus sphaerocarpa Gasp.,Caprificus,sphaerocarpa,Gasp.,,
63527,Ficus carica,Ficus kopetdagensis Pachom.,Ficus,kopetdagensis,Pachom.,,
63527,Ficus carica,Caprificus rugosa (Miq.) Gasp.,Caprificus,rugosa,(Miq.) Gasp.,,
63527,Ficus carica,Ficus hyrcana Grossh.,Ficus,hyrcana,Grossh.,,
63527,Ficus carica,Ficus communis Lam.,Ficus,communis,Lam.,,
63527,Ficus carica,Caprificus leucocarpa Gasp.,Caprificus,leucocarpa,Gasp.,,
63527,Ficus carica,Ficus colombra Gasp.,Ficus,colombra,Gasp.,,
63527,Ficus carica,Caprificus insectifera Gasp.,Caprificus,insectifera,Gasp.,,
63527,Ficus carica,Ficus silvestris Risso,Ficus,silvestris,Risso,,
63527,Ficus carica,Ficus colchica Grossh.,Ficus,colchica,Grossh.,,
63527,Ficus carica,Ficus carica L. var. riparium Hausskn.,Ficus,carica,L.,variety,Hausskn.
63527,Ficus carica,Ficus dottata Gasp.,Ficus,dottata,Gasp.,,
63527,Ficus carica,Ficus deliciosa Gasp.,Ficus,deliciosa,Gasp.,,
63527,Ficus carica,Caprificus oblongata Gasp.,Caprificus,oblongata,Gasp.,,
63527,Ficus carica,Ficus carica L. var. caprificus Risso,Ficus,carica,L.,variety,Risso
63527,Ficus carica,Ficus polymorpha Gasp.,Ficus,polymorpha,Gasp.,,
63527,Ficus carica,Ficus carica L. var. domestica Czern. & Rav.,Ficus,carica,L.,variety,Czern. & Rav.
63527,Ficus carica,Ficus regina Miq.,Ficus,regina,Miq.,,
63527,Ficus carica,Ficus praecox Gasp.,Ficus,praecox,Gasp.,,
193560,Euphorbia bourgeana,Euphorbia lambii Svent.,Euphorbia,lambii,Svent.,,
